#
# There is insufficient memory for the Java Runtime Environment to continue.
# Native memory allocation (malloc) failed to allocate 1631008 bytes. Error detail: Chunk::new
# Possible reasons:
#   The system is out of physical RAM or swap space
#   This process is running with CompressedOops enabled, and the Java Heap may be blocking the growth of the native heap
# Possible solutions:
#   Reduce memory load on the system
#   Increase physical memory or swap space
#   Check if swap backing store is full
#   Decrease Java heap size (-Xmx/-Xms)
#   Decrease number of Java threads
#   Decrease Java thread stack sizes (-Xss)
#   Set larger code cache with -XX:ReservedCodeCacheSize=
#   JVM is running with Unscaled Compressed Oops mode in which the Java heap is
#     placed in the first 4GB address space. The Java Heap base address is the
#     maximum limit for the native heap growth. Please use -XX:HeapBaseMinAddress
#     to set the Java Heap base and to place the Java Heap above 4GB virtual address.
# This output file may be truncated or incomplete.
#
#  Out of Memory Error (arena.cpp:168), pid=12712, tid=17820
#
# JRE version: OpenJDK Runtime Environment Temurin-21.0.10+7 (21.0.10+7) (build 21.0.10+7-LTS)
# Java VM: OpenJDK 64-Bit Server VM Temurin-21.0.10+7 (21.0.10+7-LTS, mixed mode, sharing, tiered, compressed oops, compressed class ptrs, g1 gc, windows-amd64)
# No core dump will be written. Minidumps are not enabled by default on client versions of Windows
#

---------------  S U M M A R Y ------------

Command Line: --add-opens=java.base/java.lang=ALL-UNNAMED --add-opens=java.base/java.lang.invoke=ALL-UNNAMED --add-opens=java.base/java.util=ALL-UNNAMED --add-opens=java.prefs/java.util.prefs=ALL-UNNAMED --add-exports=jdk.compiler/com.sun.tools.javac.api=ALL-UNNAMED --add-exports=jdk.compiler/com.sun.tools.javac.util=ALL-UNNAMED --add-opens=java.base/java.util=ALL-UNNAMED --add-opens=java.prefs/java.util.prefs=ALL-UNNAMED --add-opens=java.base/java.nio.charset=ALL-UNNAMED --add-opens=java.base/java.net=ALL-UNNAMED --add-opens=java.base/java.util.concurrent.atomic=ALL-UNNAMED --add-opens=java.xml/javax.xml.namespace=ALL-UNNAMED -XX:MaxMetaspaceSize=512m -Xmx2048m -Dfile.encoding=UTF-8 -Duser.country=US -Duser.language=en -Duser.variant -javaagent:C:\Users\LENOVO\.gradle\wrapper\dists\gradle-8.13-bin\5xuhj0ry160q40clulazy9h7d\gradle-8.13\lib\agents\gradle-instrumentation-agent-8.13.jar org.gradle.launcher.daemon.bootstrap.GradleDaemon 8.13

Host: Intel(R) Core(TM) i5-7300U CPU @ 2.60GHz, 4 cores, 7G,  Windows 10 , 64 bit Build 19041 (10.0.19041.5915)
Time: Mon Mar 30 18:20:00 2026 India Standard Time elapsed time: 1887.412653 seconds (0d 0h 31m 27s)

---------------  T H R E A D  ---------------

Current thread (0x000001c57b3db9b0):  JavaThread "C2 CompilerThread0" daemon [_thread_in_native, id=17820, stack(0x000000c171400000,0x000000c171500000) (1024K)]


Current CompileTask:
C2:1887412 18945       4       org.gradle.api.internal.DefaultNamedDomainObjectCollection::findByName (61 bytes)

Stack: [0x000000c171400000,0x000000c171500000]
Native frames: (J=compiled Java code, j=interpreted, Vv=VM code, C=native code)
V  [jvm.dll+0x6d7a39]
V  [jvm.dll+0x8b4b26]
V  [jvm.dll+0x8b70de]
V  [jvm.dll+0x8b77c3]
V  [jvm.dll+0x284346]
V  [jvm.dll+0xc66ed]
V  [jvm.dll+0xc6c31]
V  [jvm.dll+0x3bec3b]
V  [jvm.dll+0x1e3d62]
V  [jvm.dll+0x24c6b3]
V  [jvm.dll+0x24bb40]
V  [jvm.dll+0x1cb34e]
V  [jvm.dll+0x25b85d]
V  [jvm.dll+0x259dea]
V  [jvm.dll+0x3f857e]
V  [jvm.dll+0x85f59d]
V  [jvm.dll+0x6d626d]
C  [ucrtbase.dll+0x21bb2]
C  [KERNEL32.DLL+0x17374]
C  [ntdll.dll+0x4cc91]


---------------  P R O C E S S  ---------------

Threads class SMR info:
_java_thread_list=0x000001c533fc1410, length=86, elements={
0x000001c571373cc0, 0x000001c57b3d2900, 0x000001c57b3d3b70, 0x000001c57b3d4be0,
0x000001c57b3d9760, 0x000001c57b3da1c0, 0x000001c57b3dac20, 0x000001c57b3db9b0,
0x000001c57b41b960, 0x000001c52e21a630, 0x000001c52e185650, 0x000001c52e362080,
0x000001c52fa246c0, 0x000001c52fb85fe0, 0x000001c52fb20690, 0x000001c52fb1e5c0,
0x000001c52fb20d20, 0x000001c5322a7a70, 0x000001c5322ab580, 0x000001c5322aaef0,
0x000001c5322abc10, 0x000001c5322a8100, 0x000001c5322a6d50, 0x000001c5322a73e0,
0x000001c5322a9b40, 0x000001c5322ae370, 0x000001c5322a8790, 0x000001c5322ad650,
0x000001c5322a8e20, 0x000001c5322aa1d0, 0x000001c5322ac2a0, 0x000001c5322aa860,
0x000001c5322adce0, 0x000001c5322ac930, 0x000001c5303b8720, 0x000001c5303b8090,
0x000001c5303b6ce0, 0x000001c5303b8db0, 0x000001c5303b3860, 0x000001c5303b6650,
0x000001c5303b4c10, 0x000001c5303b5930, 0x000001c5303b9440, 0x000001c5303b52a0,
0x000001c5303b7370, 0x000001c5303b7a00, 0x000001c5303b24b0, 0x000001c5303b9ad0,
0x000001c5303b2b40, 0x000001c52ff22830, 0x000001c52ff21b10, 0x000001c52ff21480,
0x000001c52ff20df0, 0x000001c52ff23be0, 0x000001c52ff24900, 0x000001c5335f75a0,
0x000001c5335f7c30, 0x000001c5335f8950, 0x000001c5335f61f0, 0x000001c5335faa20,
0x000001c5335fbdd0, 0x000001c5335f4e40, 0x000001c5335fa390, 0x000001c5335fb0b0,
0x000001c5335fc460, 0x000001c5335fb740, 0x000001c5335f9670, 0x000001c5335f6880,
0x000001c531a32660, 0x000001c531a36170, 0x000001c531a37bb0, 0x000001c531a38240,
0x000001c531a388d0, 0x000001c531a31940, 0x000001c531a34730, 0x000001c531a32cf0,
0x000001c531a38f60, 0x000001c531a340a0, 0x000001c531a33a10, 0x000001c531a35ae0,
0x000001c531a36800, 0x000001c531a37520, 0x000001c531a4bd10, 0x000001c531a518f0,
0x000001c52ff200d0, 0x000001c52ff26340
}

Java Threads: ( => current thread )
  0x000001c571373cc0 JavaThread "main"                              [_thread_blocked, id=18776, stack(0x000000c170600000,0x000000c170700000) (1024K)]
  0x000001c57b3d2900 JavaThread "Reference Handler"          daemon [_thread_blocked, id=19144, stack(0x000000c170e00000,0x000000c170f00000) (1024K)]
  0x000001c57b3d3b70 JavaThread "Finalizer"                  daemon [_thread_blocked, id=9564, stack(0x000000c170f00000,0x000000c171000000) (1024K)]
  0x000001c57b3d4be0 JavaThread "Signal Dispatcher"          daemon [_thread_blocked, id=15712, stack(0x000000c171000000,0x000000c171100000) (1024K)]
  0x000001c57b3d9760 JavaThread "Attach Listener"            daemon [_thread_blocked, id=21952, stack(0x000000c171100000,0x000000c171200000) (1024K)]
  0x000001c57b3da1c0 JavaThread "Service Thread"             daemon [_thread_blocked, id=8144, stack(0x000000c171200000,0x000000c171300000) (1024K)]
  0x000001c57b3dac20 JavaThread "Monitor Deflation Thread"   daemon [_thread_blocked, id=20264, stack(0x000000c171300000,0x000000c171400000) (1024K)]
=>0x000001c57b3db9b0 JavaThread "C2 CompilerThread0"         daemon [_thread_in_native, id=17820, stack(0x000000c171400000,0x000000c171500000) (1024K)]
  0x000001c57b41b960 JavaThread "C1 CompilerThread0"         daemon [_thread_blocked, id=21808, stack(0x000000c171500000,0x000000c171600000) (1024K)]
  0x000001c52e21a630 JavaThread "Common-Cleaner"             daemon [_thread_blocked, id=23764, stack(0x000000c171600000,0x000000c171700000) (1024K)]
  0x000001c52e185650 JavaThread "Notification Thread"        daemon [_thread_blocked, id=21272, stack(0x000000c171700000,0x000000c171800000) (1024K)]
  0x000001c52e362080 JavaThread "Daemon health stats"               [_thread_blocked, id=24332, stack(0x000000c171b00000,0x000000c171c00000) (1024K)]
  0x000001c52fa246c0 JavaThread "Incoming local TCP Connector on port 61115"        [_thread_in_native, id=7852, stack(0x000000c171c00000,0x000000c171d00000) (1024K)]
  0x000001c52fb85fe0 JavaThread "Daemon periodic checks"            [_thread_blocked, id=15616, stack(0x000000c171d00000,0x000000c171e00000) (1024K)]
  0x000001c52fb20690 JavaThread "Cache worker for journal cache (C:\Users\LENOVO\.gradle\caches\journal-1)"        [_thread_blocked, id=1020, stack(0x000000c172500000,0x000000c172600000) (1024K)]
  0x000001c52fb1e5c0 JavaThread "File lock request listener"        [_thread_in_native, id=5060, stack(0x000000c172600000,0x000000c172700000) (1024K)]
  0x000001c52fb20d20 JavaThread "Cache worker for file hash cache (C:\Users\LENOVO\.gradle\caches\8.13\fileHashes)"        [_thread_blocked, id=9764, stack(0x000000c172700000,0x000000c172800000) (1024K)]
  0x000001c5322a7a70 JavaThread "File watcher server"        daemon [_thread_in_native, id=7376, stack(0x000000c172a00000,0x000000c172b00000) (1024K)]
  0x000001c5322ab580 JavaThread "File watcher consumer"      daemon [_thread_blocked, id=23116, stack(0x000000c172b00000,0x000000c172c00000) (1024K)]
  0x000001c5322aaef0 JavaThread "jar transforms"                    [_thread_blocked, id=10360, stack(0x000000c172c00000,0x000000c172d00000) (1024K)]
  0x000001c5322abc10 JavaThread "Cache worker for file content cache (C:\Users\LENOVO\.gradle\caches\8.13\fileContent)"        [_thread_blocked, id=15964, stack(0x000000c172e00000,0x000000c172f00000) (1024K)]
  0x000001c5322a8100 JavaThread "Daemon Thread 2"                   [_thread_blocked, id=9524, stack(0x000000c170400000,0x000000c170500000) (1024K)]
  0x000001c5322a6d50 JavaThread "Handler for socket connection from /127.0.0.1:61115 to /127.0.0.1:61658"        [_thread_in_native, id=8868, stack(0x000000c170500000,0x000000c170600000) (1024K)]
  0x000001c5322a73e0 JavaThread "Cancel handler"                    [_thread_blocked, id=17724, stack(0x000000c171e00000,0x000000c171f00000) (1024K)]
  0x000001c5322a9b40 JavaThread "Daemon worker Thread 2"            [_thread_in_Java, id=16636, stack(0x000000c171f00000,0x000000c172000000) (1024K)]
  0x000001c5322ae370 JavaThread "Asynchronous log dispatcher for DefaultDaemonConnection: socket connection from /127.0.0.1:61115 to /127.0.0.1:61658"        [_thread_blocked, id=9640, stack(0x000000c172000000,0x000000c172100000) (1024K)]
  0x000001c5322a8790 JavaThread "Stdin handler"                     [_thread_blocked, id=11140, stack(0x000000c172100000,0x000000c172200000) (1024K)]
  0x000001c5322ad650 JavaThread "Daemon client event forwarder"        [_thread_blocked, id=4392, stack(0x000000c172200000,0x000000c172300000) (1024K)]
  0x000001c5322a8e20 JavaThread "Cache worker for file hash cache (C:\Users\LENOVO\final\Idhayam\android\.gradle\8.13\fileHashes)"        [_thread_blocked, id=23148, stack(0x000000c172300000,0x000000c172400000) (1024K)]
  0x000001c5322aa1d0 JavaThread "Cache worker for Build Output Cleanup Cache (C:\Users\LENOVO\final\Idhayam\android\.gradle\buildOutputCleanup)"        [_thread_blocked, id=21772, stack(0x000000c172400000,0x000000c172500000) (1024K)]
  0x000001c5322ac2a0 JavaThread "Cache worker for checksums cache (C:\Users\LENOVO\final\Idhayam\android\.gradle\8.13\checksums)"        [_thread_blocked, id=11836, stack(0x000000c172800000,0x000000c172900000) (1024K)]
  0x000001c5322aa860 JavaThread "Cache worker for cache directory md-supplier (C:\Users\LENOVO\.gradle\caches\8.13\md-supplier)"        [_thread_blocked, id=15268, stack(0x000000c172900000,0x000000c172a00000) (1024K)]
  0x000001c5322adce0 JavaThread "Cache worker for cache directory md-rule (C:\Users\LENOVO\.gradle\caches\8.13\md-rule)"        [_thread_blocked, id=19288, stack(0x000000c172d00000,0x000000c172e00000) (1024K)]
  0x000001c5322ac930 JavaThread "Cache worker for Build Output Cleanup Cache (C:\Users\LENOVO\final\Idhayam\node_modules\@react-native\gradle-plugin\.gradle\buildOutputCleanup)"        [_thread_blocked, id=19064, stack(0x000000c172f00000,0x000000c173000000) (1024K)]
  0x000001c5303b8720 JavaThread "Unconstrained build operations"        [_thread_blocked, id=21540, stack(0x000000c173000000,0x000000c173100000) (1024K)]
  0x000001c5303b8090 JavaThread "Unconstrained build operations Thread 2"        [_thread_blocked, id=10120, stack(0x000000c173100000,0x000000c173200000) (1024K)]
  0x000001c5303b6ce0 JavaThread "Unconstrained build operations Thread 3"        [_thread_blocked, id=23184, stack(0x000000c173300000,0x000000c173400000) (1024K)]
  0x000001c5303b8db0 JavaThread "Unconstrained build operations Thread 4"        [_thread_blocked, id=17272, stack(0x000000c173400000,0x000000c173500000) (1024K)]
  0x000001c5303b3860 JavaThread "Unconstrained build operations Thread 5"        [_thread_blocked, id=21756, stack(0x000000c173500000,0x000000c173600000) (1024K)]
  0x000001c5303b6650 JavaThread "Unconstrained build operations Thread 6"        [_thread_blocked, id=9572, stack(0x000000c173600000,0x000000c173700000) (1024K)]
  0x000001c5303b4c10 JavaThread "Unconstrained build operations Thread 7"        [_thread_blocked, id=23724, stack(0x000000c173700000,0x000000c173800000) (1024K)]
  0x000001c5303b5930 JavaThread "Unconstrained build operations Thread 8"        [_thread_blocked, id=15900, stack(0x000000c173800000,0x000000c173900000) (1024K)]
  0x000001c5303b9440 JavaThread "Unconstrained build operations Thread 9"        [_thread_blocked, id=12324, stack(0x000000c173900000,0x000000c173a00000) (1024K)]
  0x000001c5303b52a0 JavaThread "Unconstrained build operations Thread 10"        [_thread_blocked, id=17236, stack(0x000000c173a00000,0x000000c173b00000) (1024K)]
  0x000001c5303b7370 JavaThread "Unconstrained build operations Thread 11"        [_thread_blocked, id=12544, stack(0x000000c173b00000,0x000000c173c00000) (1024K)]
  0x000001c5303b7a00 JavaThread "Unconstrained build operations Thread 12"        [_thread_blocked, id=14140, stack(0x000000c173c00000,0x000000c173d00000) (1024K)]
  0x000001c5303b24b0 JavaThread "Unconstrained build operations Thread 13"        [_thread_blocked, id=1116, stack(0x000000c173d00000,0x000000c173e00000) (1024K)]
  0x000001c5303b9ad0 JavaThread "Unconstrained build operations Thread 14"        [_thread_blocked, id=15548, stack(0x000000c173e00000,0x000000c173f00000) (1024K)]
  0x000001c5303b2b40 JavaThread "Unconstrained build operations Thread 15"        [_thread_blocked, id=12516, stack(0x000000c173f00000,0x000000c174000000) (1024K)]
  0x000001c52ff22830 JavaThread "build event listener"              [_thread_blocked, id=4132, stack(0x000000c174000000,0x000000c174100000) (1024K)]
  0x000001c52ff21b10 JavaThread "Memory manager"                    [_thread_blocked, id=12804, stack(0x000000c174100000,0x000000c174200000) (1024K)]
  0x000001c52ff21480 JavaThread "Execution worker"                  [_thread_blocked, id=3616, stack(0x000000c174900000,0x000000c174a00000) (1024K)]
  0x000001c52ff20df0 JavaThread "Execution worker Thread 2"         [_thread_blocked, id=22540, stack(0x000000c174a00000,0x000000c174b00000) (1024K)]
  0x000001c52ff23be0 JavaThread "Execution worker Thread 3"         [_thread_blocked, id=24544, stack(0x000000c174b00000,0x000000c174c00000) (1024K)]
  0x000001c52ff24900 JavaThread "Cache worker for execution history cache (C:\Users\LENOVO\final\Idhayam\node_modules\@react-native\gradle-plugin\.gradle\8.13\executionHistory)"        [_thread_blocked, id=23964, stack(0x000000c174c00000,0x000000c174d00000) (1024K)]
  0x000001c5335f75a0 JavaThread "Unconstrained build operations Thread 16"        [_thread_blocked, id=7152, stack(0x000000c174d00000,0x000000c174e00000) (1024K)]
  0x000001c5335f7c30 JavaThread "Unconstrained build operations Thread 17"        [_thread_blocked, id=3868, stack(0x000000c174e00000,0x000000c174f00000) (1024K)]
  0x000001c5335f8950 JavaThread "Unconstrained build operations Thread 18"        [_thread_blocked, id=12336, stack(0x000000c174f00000,0x000000c175000000) (1024K)]
  0x000001c5335f61f0 JavaThread "Unconstrained build operations Thread 19"        [_thread_blocked, id=12508, stack(0x000000c175000000,0x000000c175100000) (1024K)]
  0x000001c5335faa20 JavaThread "Unconstrained build operations Thread 20"        [_thread_blocked, id=6268, stack(0x000000c175100000,0x000000c175200000) (1024K)]
  0x000001c5335fbdd0 JavaThread "Unconstrained build operations Thread 21"        [_thread_blocked, id=10724, stack(0x000000c175200000,0x000000c175300000) (1024K)]
  0x000001c5335f4e40 JavaThread "Unconstrained build operations Thread 22"        [_thread_blocked, id=8232, stack(0x000000c175300000,0x000000c175400000) (1024K)]
  0x000001c5335fa390 JavaThread "Unconstrained build operations Thread 23"        [_thread_blocked, id=10596, stack(0x000000c175400000,0x000000c175500000) (1024K)]
  0x000001c5335fb0b0 JavaThread "Unconstrained build operations Thread 24"        [_thread_blocked, id=8920, stack(0x000000c175500000,0x000000c175600000) (1024K)]
  0x000001c5335fc460 JavaThread "Unconstrained build operations Thread 25"        [_thread_blocked, id=3068, stack(0x000000c175600000,0x000000c175700000) (1024K)]
  0x000001c5335fb740 JavaThread "Unconstrained build operations Thread 26"        [_thread_blocked, id=8392, stack(0x000000c175700000,0x000000c175800000) (1024K)]
  0x000001c5335f9670 JavaThread "Unconstrained build operations Thread 27"        [_thread_blocked, id=21180, stack(0x000000c175800000,0x000000c175900000) (1024K)]
  0x000001c5335f6880 JavaThread "Unconstrained build operations Thread 28"        [_thread_blocked, id=15508, stack(0x000000c175900000,0x000000c175a00000) (1024K)]
  0x000001c531a32660 JavaThread "Unconstrained build operations Thread 29"        [_thread_blocked, id=2084, stack(0x000000c175a00000,0x000000c175b00000) (1024K)]
  0x000001c531a36170 JavaThread "Unconstrained build operations Thread 30"        [_thread_blocked, id=12080, stack(0x000000c175b00000,0x000000c175c00000) (1024K)]
  0x000001c531a37bb0 JavaThread "Unconstrained build operations Thread 31"        [_thread_blocked, id=9080, stack(0x000000c175c00000,0x000000c175d00000) (1024K)]
  0x000001c531a38240 JavaThread "Unconstrained build operations Thread 32"        [_thread_blocked, id=15704, stack(0x000000c175d00000,0x000000c175e00000) (1024K)]
  0x000001c531a388d0 JavaThread "Unconstrained build operations Thread 33"        [_thread_blocked, id=9960, stack(0x000000c175e00000,0x000000c175f00000) (1024K)]
  0x000001c531a31940 JavaThread "Unconstrained build operations Thread 34"        [_thread_blocked, id=832, stack(0x000000c175f00000,0x000000c176000000) (1024K)]
  0x000001c531a34730 JavaThread "Unconstrained build operations Thread 35"        [_thread_blocked, id=14152, stack(0x000000c176000000,0x000000c176100000) (1024K)]
  0x000001c531a32cf0 JavaThread "Unconstrained build operations Thread 36"        [_thread_blocked, id=20040, stack(0x000000c176100000,0x000000c176200000) (1024K)]
  0x000001c531a38f60 JavaThread "Unconstrained build operations Thread 37"        [_thread_blocked, id=21248, stack(0x000000c176200000,0x000000c176300000) (1024K)]
  0x000001c531a340a0 JavaThread "jar transforms Thread 2"           [_thread_blocked, id=8076, stack(0x000000c176300000,0x000000c176400000) (1024K)]
  0x000001c531a33a10 JavaThread "jar transforms Thread 3"           [_thread_blocked, id=7180, stack(0x000000c176400000,0x000000c176500000) (1024K)]
  0x000001c531a35ae0 JavaThread "Unconstrained build operations Thread 38"        [_thread_blocked, id=14952, stack(0x000000c176500000,0x000000c176600000) (1024K)]
  0x000001c531a36800 JavaThread "Unconstrained build operations Thread 39"        [_thread_blocked, id=23836, stack(0x000000c176600000,0x000000c176700000) (1024K)]
  0x000001c531a37520 JavaThread "Unconstrained build operations Thread 40"        [_thread_blocked, id=744, stack(0x000000c176700000,0x000000c176800000) (1024K)]
  0x000001c531a4bd10 JavaThread "jar transforms Thread 4"           [_thread_blocked, id=20572, stack(0x000000c174400000,0x000000c174500000) (1024K)]
  0x000001c531a518f0 JavaThread "build event listener"              [_thread_blocked, id=22716, stack(0x000000c174500000,0x000000c174600000) (1024K)]
  0x000001c52ff200d0 JavaThread "Problems report writer"            [_thread_blocked, id=6520, stack(0x000000c174600000,0x000000c174700000) (1024K)]
  0x000001c52ff26340 JavaThread "File lock release action executor Thread 3"        [_thread_blocked, id=9600, stack(0x000000c173200000,0x000000c173300000) (1024K)]
Total: 86

Other Threads:
  0x000001c57b3b1b40 VMThread "VM Thread"                           [id=760, stack(0x000000c170d00000,0x000000c170e00000) (1024K)]
  0x000001c57b3a0d90 WatcherThread "VM Periodic Task Thread"        [id=9176, stack(0x000000c170c00000,0x000000c170d00000) (1024K)]
  0x000001c573569020 WorkerThread "GC Thread#0"                     [id=16812, stack(0x000000c170700000,0x000000c170800000) (1024K)]
  0x000001c52e2a8b30 WorkerThread "GC Thread#1"                     [id=18852, stack(0x000000c171800000,0x000000c171900000) (1024K)]
  0x000001c52e2a8ee0 WorkerThread "GC Thread#2"                     [id=17460, stack(0x000000c171900000,0x000000c171a00000) (1024K)]
  0x000001c52e6ca020 WorkerThread "GC Thread#3"                     [id=11824, stack(0x000000c171a00000,0x000000c171b00000) (1024K)]
  0x000001c57357b2c0 ConcurrentGCThread "G1 Main Marker"            [id=1620, stack(0x000000c170800000,0x000000c170900000) (1024K)]
  0x000001c57357c480 WorkerThread "G1 Conc#0"                       [id=16504, stack(0x000000c170900000,0x000000c170a00000) (1024K)]
  0x000001c57b2760e0 ConcurrentGCThread "G1 Refine#0"               [id=13992, stack(0x000000c170a00000,0x000000c170b00000) (1024K)]
  0x000001c57b276b00 ConcurrentGCThread "G1 Service"                [id=23892, stack(0x000000c170b00000,0x000000c170c00000) (1024K)]
Total: 10

Threads with active compile tasks:
C2 CompilerThread0  1887521 18945       4       org.gradle.api.internal.DefaultNamedDomainObjectCollection::findByName (61 bytes)
Total: 1

VM state: not at safepoint (normal execution)

VM Mutex/Monitor currently owned by a thread: None

Heap address: 0x0000000080000000, size: 2048 MB, Compressed Oops mode: 32-bit

CDS archive(s) mapped at: [0x000001c50f000000-0x000001c50fba0000-0x000001c50fba0000), size 12189696, SharedBaseAddress: 0x000001c50f000000, ArchiveRelocationMode: 1.
Compressed class space mapped at: 0x000001c510000000-0x000001c52a000000, reserved size: 436207616
Narrow klass base: 0x000001c50f000000, Narrow klass shift: 0, Narrow klass range: 0x100000000

GC Precious Log:
 CardTable entry size: 512
 Card Set container configuration: InlinePtr #cards 5 size 8 Array Of Cards #cards 12 size 40 Howl #buckets 4 coarsen threshold 1843 Howl Bitmap #cards 512 size 80 coarsen threshold 460 Card regions per heap region 1 cards per card region 2048
 CPUs: 4 total, 4 available
 Memory: 8056M
 Large Page Support: Disabled
 NUMA Support: Disabled
 Compressed Oops: Enabled (32-bit)
 Heap Region Size: 1M
 Heap Min Capacity: 8M
 Heap Initial Capacity: 126M
 Heap Max Capacity: 2G
 Pre-touch: Disabled
 Parallel Workers: 4
 Concurrent Workers: 1
 Concurrent Refinement Workers: 4
 Periodic GC: Disabled

Heap:
 garbage-first heap   total 301056K, used 202378K [0x0000000080000000, 0x0000000100000000)
  region size 1024K, 31 young (31744K), 6 survivors (6144K)
 Metaspace       used 119011K, committed 121984K, reserved 557056K
  class space    used 16660K, committed 18048K, reserved 425984K

Heap Regions: E=young(eden), S=young(survivor), O=old, HS=humongous(starts), HC=humongous(continues), CS=collection set, F=free, TAMS=top-at-mark-start, PB=parsable bottom
|   0|0x0000000080000000, 0x0000000080100000, 0x0000000080100000|100%|HS|  |TAMS 0x0000000080000000| PB 0x0000000080000000| Complete 
|   1|0x0000000080100000, 0x0000000080200000, 0x0000000080200000|100%|HC|  |TAMS 0x0000000080100000| PB 0x0000000080100000| Complete 
|   2|0x0000000080200000, 0x0000000080300000, 0x0000000080300000|100%|HC|  |TAMS 0x0000000080200000| PB 0x0000000080200000| Complete 
|   3|0x0000000080300000, 0x0000000080400000, 0x0000000080400000|100%| O|  |TAMS 0x0000000080300000| PB 0x0000000080300000| Untracked 
|   4|0x0000000080400000, 0x0000000080500000, 0x0000000080500000|100%| O|  |TAMS 0x0000000080400000| PB 0x0000000080400000| Untracked 
|   5|0x0000000080500000, 0x0000000080600000, 0x0000000080600000|100%| O|  |TAMS 0x0000000080500000| PB 0x0000000080500000| Untracked 
|   6|0x0000000080600000, 0x0000000080700000, 0x0000000080700000|100%| O|  |TAMS 0x0000000080600000| PB 0x0000000080600000| Untracked 
|   7|0x0000000080700000, 0x0000000080800000, 0x0000000080800000|100%|HS|  |TAMS 0x0000000080700000| PB 0x0000000080700000| Complete 
|   8|0x0000000080800000, 0x0000000080900000, 0x0000000080900000|100%| O|  |TAMS 0x0000000080800000| PB 0x0000000080800000| Untracked 
|   9|0x0000000080900000, 0x0000000080a00000, 0x0000000080a00000|100%| O|  |TAMS 0x0000000080900000| PB 0x0000000080900000| Untracked 
|  10|0x0000000080a00000, 0x0000000080b00000, 0x0000000080b00000|100%| O|  |TAMS 0x0000000080a00000| PB 0x0000000080a00000| Untracked 
|  11|0x0000000080b00000, 0x0000000080c00000, 0x0000000080c00000|100%| O|  |TAMS 0x0000000080b00000| PB 0x0000000080b00000| Untracked 
|  12|0x0000000080c00000, 0x0000000080d00000, 0x0000000080d00000|100%| O|  |TAMS 0x0000000080c00000| PB 0x0000000080c00000| Untracked 
|  13|0x0000000080d00000, 0x0000000080e00000, 0x0000000080e00000|100%| O|  |TAMS 0x0000000080d00000| PB 0x0000000080d00000| Untracked 
|  14|0x0000000080e00000, 0x0000000080f00000, 0x0000000080f00000|100%| O|  |TAMS 0x0000000080e00000| PB 0x0000000080e00000| Untracked 
|  15|0x0000000080f00000, 0x0000000081000000, 0x0000000081000000|100%| O|  |TAMS 0x0000000080f00000| PB 0x0000000080f00000| Untracked 
|  16|0x0000000081000000, 0x0000000081100000, 0x0000000081100000|100%| O|  |TAMS 0x0000000081000000| PB 0x0000000081000000| Untracked 
|  17|0x0000000081100000, 0x0000000081200000, 0x0000000081200000|100%| O|  |TAMS 0x0000000081100000| PB 0x0000000081100000| Untracked 
|  18|0x0000000081200000, 0x0000000081300000, 0x0000000081300000|100%| O|  |TAMS 0x0000000081200000| PB 0x0000000081200000| Untracked 
|  19|0x0000000081300000, 0x0000000081400000, 0x0000000081400000|100%| O|  |TAMS 0x0000000081300000| PB 0x0000000081300000| Untracked 
|  20|0x0000000081400000, 0x0000000081500000, 0x0000000081500000|100%| O|  |TAMS 0x0000000081400000| PB 0x0000000081400000| Untracked 
|  21|0x0000000081500000, 0x0000000081600000, 0x0000000081600000|100%| O|  |TAMS 0x0000000081500000| PB 0x0000000081500000| Untracked 
|  22|0x0000000081600000, 0x0000000081700000, 0x0000000081700000|100%| O|  |TAMS 0x0000000081600000| PB 0x0000000081600000| Untracked 
|  23|0x0000000081700000, 0x0000000081800000, 0x0000000081800000|100%| O|  |TAMS 0x0000000081700000| PB 0x0000000081700000| Untracked 
|  24|0x0000000081800000, 0x0000000081900000, 0x0000000081900000|100%| O|  |TAMS 0x0000000081800000| PB 0x0000000081800000| Untracked 
|  25|0x0000000081900000, 0x0000000081a00000, 0x0000000081a00000|100%| O|  |TAMS 0x0000000081900000| PB 0x0000000081900000| Untracked 
|  26|0x0000000081a00000, 0x0000000081b00000, 0x0000000081b00000|100%| O|  |TAMS 0x0000000081a00000| PB 0x0000000081a00000| Untracked 
|  27|0x0000000081b00000, 0x0000000081c00000, 0x0000000081c00000|100%| O|  |TAMS 0x0000000081b00000| PB 0x0000000081b00000| Untracked 
|  28|0x0000000081c00000, 0x0000000081d00000, 0x0000000081d00000|100%| O|  |TAMS 0x0000000081c00000| PB 0x0000000081c00000| Untracked 
|  29|0x0000000081d00000, 0x0000000081e00000, 0x0000000081e00000|100%| O|  |TAMS 0x0000000081d00000| PB 0x0000000081d00000| Untracked 
|  30|0x0000000081e00000, 0x0000000081f00000, 0x0000000081f00000|100%| O|  |TAMS 0x0000000081e00000| PB 0x0000000081e00000| Untracked 
|  31|0x0000000081f00000, 0x0000000082000000, 0x0000000082000000|100%| O|  |TAMS 0x0000000081f00000| PB 0x0000000081f00000| Untracked 
|  32|0x0000000082000000, 0x0000000082100000, 0x0000000082100000|100%| O|  |TAMS 0x0000000082000000| PB 0x0000000082000000| Untracked 
|  33|0x0000000082100000, 0x0000000082200000, 0x0000000082200000|100%| O|  |TAMS 0x0000000082100000| PB 0x0000000082100000| Untracked 
|  34|0x0000000082200000, 0x0000000082300000, 0x0000000082300000|100%| O|  |TAMS 0x0000000082200000| PB 0x0000000082200000| Untracked 
|  35|0x0000000082300000, 0x0000000082400000, 0x0000000082400000|100%| O|  |TAMS 0x0000000082300000| PB 0x0000000082300000| Untracked 
|  36|0x0000000082400000, 0x0000000082500000, 0x0000000082500000|100%| O|  |TAMS 0x0000000082400000| PB 0x0000000082400000| Untracked 
|  37|0x0000000082500000, 0x0000000082600000, 0x0000000082600000|100%| O|  |TAMS 0x0000000082500000| PB 0x0000000082500000| Untracked 
|  38|0x0000000082600000, 0x0000000082700000, 0x0000000082700000|100%| O|  |TAMS 0x0000000082600000| PB 0x0000000082600000| Untracked 
|  39|0x0000000082700000, 0x0000000082800000, 0x0000000082800000|100%| O|  |TAMS 0x0000000082700000| PB 0x0000000082700000| Untracked 
|  40|0x0000000082800000, 0x0000000082900000, 0x0000000082900000|100%| O|  |TAMS 0x0000000082800000| PB 0x0000000082800000| Untracked 
|  41|0x0000000082900000, 0x0000000082a00000, 0x0000000082a00000|100%|HS|  |TAMS 0x0000000082900000| PB 0x0000000082900000| Complete 
|  42|0x0000000082a00000, 0x0000000082b00000, 0x0000000082b00000|100%|HC|  |TAMS 0x0000000082a00000| PB 0x0000000082a00000| Complete 
|  43|0x0000000082b00000, 0x0000000082c00000, 0x0000000082c00000|100%|HC|  |TAMS 0x0000000082b00000| PB 0x0000000082b00000| Complete 
|  44|0x0000000082c00000, 0x0000000082d00000, 0x0000000082d00000|100%| O|  |TAMS 0x0000000082c00000| PB 0x0000000082c00000| Untracked 
|  45|0x0000000082d00000, 0x0000000082e00000, 0x0000000082e00000|100%| O|  |TAMS 0x0000000082d00000| PB 0x0000000082d00000| Untracked 
|  46|0x0000000082e00000, 0x0000000082f00000, 0x0000000082f00000|100%| O|  |TAMS 0x0000000082e00000| PB 0x0000000082e00000| Untracked 
|  47|0x0000000082f00000, 0x0000000083000000, 0x0000000083000000|100%| O|  |TAMS 0x0000000082f00000| PB 0x0000000082f00000| Untracked 
|  48|0x0000000083000000, 0x0000000083100000, 0x0000000083100000|100%| O|  |TAMS 0x0000000083000000| PB 0x0000000083000000| Untracked 
|  49|0x0000000083100000, 0x0000000083200000, 0x0000000083200000|100%| O|  |TAMS 0x0000000083100000| PB 0x0000000083100000| Untracked 
|  50|0x0000000083200000, 0x0000000083300000, 0x0000000083300000|100%| O|  |TAMS 0x0000000083200000| PB 0x0000000083200000| Untracked 
|  51|0x0000000083300000, 0x0000000083400000, 0x0000000083400000|100%| O|  |TAMS 0x0000000083300000| PB 0x0000000083300000| Untracked 
|  52|0x0000000083400000, 0x0000000083500000, 0x0000000083500000|100%| O|  |TAMS 0x0000000083400000| PB 0x0000000083400000| Untracked 
|  53|0x0000000083500000, 0x0000000083600000, 0x0000000083600000|100%| O|  |TAMS 0x0000000083500000| PB 0x0000000083500000| Untracked 
|  54|0x0000000083600000, 0x0000000083700000, 0x0000000083700000|100%| O|  |TAMS 0x0000000083600000| PB 0x0000000083600000| Untracked 
|  55|0x0000000083700000, 0x0000000083800000, 0x0000000083800000|100%| O|  |TAMS 0x0000000083700000| PB 0x0000000083700000| Untracked 
|  56|0x0000000083800000, 0x0000000083900000, 0x0000000083900000|100%| O|  |TAMS 0x0000000083800000| PB 0x0000000083800000| Untracked 
|  57|0x0000000083900000, 0x0000000083a00000, 0x0000000083a00000|100%| O|  |TAMS 0x0000000083900000| PB 0x0000000083900000| Untracked 
|  58|0x0000000083a00000, 0x0000000083b00000, 0x0000000083b00000|100%|HS|  |TAMS 0x0000000083a00000| PB 0x0000000083a00000| Complete 
|  59|0x0000000083b00000, 0x0000000083c00000, 0x0000000083c00000|100%|HS|  |TAMS 0x0000000083b00000| PB 0x0000000083b00000| Complete 
|  60|0x0000000083c00000, 0x0000000083d00000, 0x0000000083d00000|100%| O|  |TAMS 0x0000000083c00000| PB 0x0000000083c00000| Untracked 
|  61|0x0000000083d00000, 0x0000000083e00000, 0x0000000083e00000|100%| O|  |TAMS 0x0000000083d00000| PB 0x0000000083d00000| Untracked 
|  62|0x0000000083e00000, 0x0000000083f00000, 0x0000000083f00000|100%| O|  |TAMS 0x0000000083e00000| PB 0x0000000083e00000| Untracked 
|  63|0x0000000083f00000, 0x0000000084000000, 0x0000000084000000|100%| O|  |TAMS 0x0000000083f00000| PB 0x0000000083f00000| Untracked 
|  64|0x0000000084000000, 0x0000000084100000, 0x0000000084100000|100%| O|  |TAMS 0x0000000084000000| PB 0x0000000084000000| Untracked 
|  65|0x0000000084100000, 0x0000000084200000, 0x0000000084200000|100%|HS|  |TAMS 0x0000000084100000| PB 0x0000000084100000| Complete 
|  66|0x0000000084200000, 0x0000000084300000, 0x0000000084300000|100%|HC|  |TAMS 0x0000000084200000| PB 0x0000000084200000| Complete 
|  67|0x0000000084300000, 0x0000000084400000, 0x0000000084400000|100%|HC|  |TAMS 0x0000000084300000| PB 0x0000000084300000| Complete 
|  68|0x0000000084400000, 0x0000000084500000, 0x0000000084500000|100%| O|  |TAMS 0x0000000084400000| PB 0x0000000084400000| Untracked 
|  69|0x0000000084500000, 0x0000000084600000, 0x0000000084600000|100%| O|  |TAMS 0x0000000084500000| PB 0x0000000084500000| Untracked 
|  70|0x0000000084600000, 0x0000000084700000, 0x0000000084700000|100%| O|  |TAMS 0x0000000084600000| PB 0x0000000084600000| Untracked 
|  71|0x0000000084700000, 0x0000000084800000, 0x0000000084800000|100%| O|  |TAMS 0x0000000084700000| PB 0x0000000084700000| Untracked 
|  72|0x0000000084800000, 0x0000000084900000, 0x0000000084900000|100%| O|  |TAMS 0x0000000084800000| PB 0x0000000084800000| Untracked 
|  73|0x0000000084900000, 0x0000000084a00000, 0x0000000084a00000|100%|HS|  |TAMS 0x0000000084900000| PB 0x0000000084900000| Complete 
|  74|0x0000000084a00000, 0x0000000084b00000, 0x0000000084b00000|100%|HC|  |TAMS 0x0000000084a00000| PB 0x0000000084a00000| Complete 
|  75|0x0000000084b00000, 0x0000000084c00000, 0x0000000084c00000|100%|HC|  |TAMS 0x0000000084b00000| PB 0x0000000084b00000| Complete 
|  76|0x0000000084c00000, 0x0000000084d00000, 0x0000000084d00000|100%| O|  |TAMS 0x0000000084c00000| PB 0x0000000084c00000| Untracked 
|  77|0x0000000084d00000, 0x0000000084e00000, 0x0000000084e00000|100%| O|  |TAMS 0x0000000084d00000| PB 0x0000000084d00000| Untracked 
|  78|0x0000000084e00000, 0x0000000084f00000, 0x0000000084f00000|100%| O|  |TAMS 0x0000000084e00000| PB 0x0000000084e00000| Untracked 
|  79|0x0000000084f00000, 0x0000000085000000, 0x0000000085000000|100%| O|  |TAMS 0x0000000084f00000| PB 0x0000000084f00000| Untracked 
|  80|0x0000000085000000, 0x0000000085100000, 0x0000000085100000|100%| O|  |TAMS 0x0000000085000000| PB 0x0000000085000000| Untracked 
|  81|0x0000000085100000, 0x0000000085200000, 0x0000000085200000|100%|HS|  |TAMS 0x0000000085100000| PB 0x0000000085100000| Complete 
|  82|0x0000000085200000, 0x0000000085300000, 0x0000000085300000|100%|HS|  |TAMS 0x0000000085200000| PB 0x0000000085200000| Complete 
|  83|0x0000000085300000, 0x0000000085400000, 0x0000000085400000|100%| O|  |TAMS 0x0000000085300000| PB 0x0000000085300000| Untracked 
|  84|0x0000000085400000, 0x0000000085500000, 0x0000000085500000|100%|HS|  |TAMS 0x0000000085400000| PB 0x0000000085400000| Complete 
|  85|0x0000000085500000, 0x0000000085600000, 0x0000000085600000|100%|HS|  |TAMS 0x0000000085500000| PB 0x0000000085500000| Complete 
|  86|0x0000000085600000, 0x0000000085700000, 0x0000000085700000|100%| O|  |TAMS 0x0000000085600000| PB 0x0000000085600000| Untracked 
|  87|0x0000000085700000, 0x0000000085800000, 0x0000000085800000|100%|HS|  |TAMS 0x0000000085700000| PB 0x0000000085700000| Complete 
|  88|0x0000000085800000, 0x0000000085900000, 0x0000000085900000|100%| O|  |TAMS 0x0000000085800000| PB 0x0000000085800000| Untracked 
|  89|0x0000000085900000, 0x0000000085a00000, 0x0000000085a00000|100%| O|  |TAMS 0x0000000085900000| PB 0x0000000085900000| Untracked 
|  90|0x0000000085a00000, 0x0000000085b00000, 0x0000000085b00000|100%|HS|  |TAMS 0x0000000085a00000| PB 0x0000000085a00000| Complete 
|  91|0x0000000085b00000, 0x0000000085c00000, 0x0000000085c00000|100%| O|  |TAMS 0x0000000085b00000| PB 0x0000000085b00000| Untracked 
|  92|0x0000000085c00000, 0x0000000085d00000, 0x0000000085d00000|100%| O|  |TAMS 0x0000000085c00000| PB 0x0000000085c00000| Untracked 
|  93|0x0000000085d00000, 0x0000000085e00000, 0x0000000085e00000|100%| O|  |TAMS 0x0000000085d00000| PB 0x0000000085d00000| Untracked 
|  94|0x0000000085e00000, 0x0000000085f00000, 0x0000000085f00000|100%|HS|  |TAMS 0x0000000085e00000| PB 0x0000000085e00000| Complete 
|  95|0x0000000085f00000, 0x0000000086000000, 0x0000000086000000|100%| O|  |TAMS 0x0000000085f00000| PB 0x0000000085f00000| Untracked 
|  96|0x0000000086000000, 0x0000000086100000, 0x0000000086100000|100%| O|  |TAMS 0x0000000086000000| PB 0x0000000086000000| Untracked 
|  97|0x0000000086100000, 0x0000000086200000, 0x0000000086200000|100%| O|  |TAMS 0x0000000086100000| PB 0x0000000086100000| Untracked 
|  98|0x0000000086200000, 0x0000000086300000, 0x0000000086300000|100%| O|  |TAMS 0x0000000086200000| PB 0x0000000086200000| Untracked 
|  99|0x0000000086300000, 0x0000000086400000, 0x0000000086400000|100%| O|  |TAMS 0x0000000086300000| PB 0x0000000086300000| Untracked 
| 100|0x0000000086400000, 0x0000000086500000, 0x0000000086500000|100%| O|  |TAMS 0x0000000086400000| PB 0x0000000086400000| Untracked 
| 101|0x0000000086500000, 0x0000000086600000, 0x0000000086600000|100%| O|  |TAMS 0x0000000086500000| PB 0x0000000086500000| Untracked 
| 102|0x0000000086600000, 0x0000000086700000, 0x0000000086700000|100%| O|  |TAMS 0x0000000086600000| PB 0x0000000086600000| Untracked 
| 103|0x0000000086700000, 0x0000000086800000, 0x0000000086800000|100%|HS|  |TAMS 0x0000000086700000| PB 0x0000000086700000| Complete 
| 104|0x0000000086800000, 0x0000000086900000, 0x0000000086900000|100%|HC|  |TAMS 0x0000000086800000| PB 0x0000000086800000| Complete 
| 105|0x0000000086900000, 0x0000000086a00000, 0x0000000086a00000|100%|HC|  |TAMS 0x0000000086900000| PB 0x0000000086900000| Complete 
| 106|0x0000000086a00000, 0x0000000086b00000, 0x0000000086b00000|100%| O|  |TAMS 0x0000000086a00000| PB 0x0000000086a00000| Untracked 
| 107|0x0000000086b00000, 0x0000000086c00000, 0x0000000086c00000|100%| O|  |TAMS 0x0000000086b00000| PB 0x0000000086b00000| Untracked 
| 108|0x0000000086c00000, 0x0000000086d00000, 0x0000000086d00000|100%|HS|  |TAMS 0x0000000086c00000| PB 0x0000000086c00000| Complete 
| 109|0x0000000086d00000, 0x0000000086e00000, 0x0000000086e00000|100%| O|  |TAMS 0x0000000086d00000| PB 0x0000000086d00000| Untracked 
| 110|0x0000000086e00000, 0x0000000086f00000, 0x0000000086f00000|100%| O|  |TAMS 0x0000000086e00000| PB 0x0000000086e00000| Untracked 
| 111|0x0000000086f00000, 0x0000000086f00000, 0x0000000087000000|  0%| F|  |TAMS 0x0000000086f00000| PB 0x0000000086f00000| Untracked 
| 112|0x0000000087000000, 0x0000000087100000, 0x0000000087100000|100%| O|  |TAMS 0x0000000087000000| PB 0x0000000087000000| Untracked 
| 113|0x0000000087100000, 0x0000000087200000, 0x0000000087200000|100%| O|  |TAMS 0x0000000087100000| PB 0x0000000087100000| Untracked 
| 114|0x0000000087200000, 0x0000000087300000, 0x0000000087300000|100%| O|  |TAMS 0x0000000087200000| PB 0x0000000087200000| Untracked 
| 115|0x0000000087300000, 0x0000000087400000, 0x0000000087400000|100%| O|  |TAMS 0x0000000087300000| PB 0x0000000087300000| Untracked 
| 116|0x0000000087400000, 0x0000000087500000, 0x0000000087500000|100%| O|  |TAMS 0x0000000087400000| PB 0x0000000087400000| Untracked 
| 117|0x0000000087500000, 0x0000000087600000, 0x0000000087600000|100%| O|  |TAMS 0x0000000087500000| PB 0x0000000087500000| Untracked 
| 118|0x0000000087600000, 0x0000000087700000, 0x0000000087700000|100%| O|  |TAMS 0x0000000087600000| PB 0x0000000087600000| Untracked 
| 119|0x0000000087700000, 0x0000000087800000, 0x0000000087800000|100%| O|  |TAMS 0x0000000087700000| PB 0x0000000087700000| Untracked 
| 120|0x0000000087800000, 0x0000000087900000, 0x0000000087900000|100%| O|  |TAMS 0x0000000087800000| PB 0x0000000087800000| Untracked 
| 121|0x0000000087900000, 0x0000000087a00000, 0x0000000087a00000|100%| O|  |TAMS 0x0000000087900000| PB 0x0000000087900000| Untracked 
| 122|0x0000000087a00000, 0x0000000087b00000, 0x0000000087b00000|100%| O|Cm|TAMS 0x0000000087a00000| PB 0x0000000087a00000| Complete 
| 123|0x0000000087b00000, 0x0000000087c00000, 0x0000000087c00000|100%| O|  |TAMS 0x0000000087b00000| PB 0x0000000087b00000| Untracked 
| 124|0x0000000087c00000, 0x0000000087d00000, 0x0000000087d00000|100%| O|  |TAMS 0x0000000087c00000| PB 0x0000000087c00000| Untracked 
| 125|0x0000000087d00000, 0x0000000087e00000, 0x0000000087e00000|100%| O|  |TAMS 0x0000000087d00000| PB 0x0000000087d00000| Untracked 
| 126|0x0000000087e00000, 0x0000000087f00000, 0x0000000087f00000|100%| O|  |TAMS 0x0000000087e00000| PB 0x0000000087e00000| Untracked 
| 127|0x0000000087f00000, 0x0000000087f00000, 0x0000000088000000|  0%| F|  |TAMS 0x0000000087f00000| PB 0x0000000087f00000| Untracked 
| 128|0x0000000088000000, 0x0000000088100000, 0x0000000088100000|100%| O|  |TAMS 0x0000000088000000| PB 0x0000000088000000| Untracked 
| 129|0x0000000088100000, 0x0000000088200000, 0x0000000088200000|100%|HS|  |TAMS 0x0000000088100000| PB 0x0000000088100000| Complete 
| 130|0x0000000088200000, 0x0000000088300000, 0x0000000088300000|100%| O|  |TAMS 0x0000000088200000| PB 0x0000000088200000| Untracked 
| 131|0x0000000088300000, 0x0000000088400000, 0x0000000088400000|100%| O|  |TAMS 0x0000000088300000| PB 0x0000000088300000| Untracked 
| 132|0x0000000088400000, 0x0000000088500000, 0x0000000088500000|100%| O|  |TAMS 0x0000000088400000| PB 0x0000000088400000| Untracked 
| 133|0x0000000088500000, 0x0000000088500000, 0x0000000088600000|  0%| F|  |TAMS 0x0000000088500000| PB 0x0000000088500000| Untracked 
| 134|0x0000000088600000, 0x0000000088700000, 0x0000000088700000|100%| O|  |TAMS 0x0000000088600000| PB 0x0000000088600000| Untracked 
| 135|0x0000000088700000, 0x0000000088800000, 0x0000000088800000|100%| O|  |TAMS 0x0000000088700000| PB 0x0000000088700000| Untracked 
| 136|0x0000000088800000, 0x0000000088900000, 0x0000000088900000|100%| O|  |TAMS 0x0000000088800000| PB 0x0000000088800000| Untracked 
| 137|0x0000000088900000, 0x0000000088a00000, 0x0000000088a00000|100%| O|  |TAMS 0x0000000088900000| PB 0x0000000088900000| Untracked 
| 138|0x0000000088a00000, 0x0000000088b00000, 0x0000000088b00000|100%| O|  |TAMS 0x0000000088a00000| PB 0x0000000088a00000| Untracked 
| 139|0x0000000088b00000, 0x0000000088c00000, 0x0000000088c00000|100%| O|  |TAMS 0x0000000088b00000| PB 0x0000000088b00000| Untracked 
| 140|0x0000000088c00000, 0x0000000088d00000, 0x0000000088d00000|100%| O|  |TAMS 0x0000000088c00000| PB 0x0000000088c00000| Untracked 
| 141|0x0000000088d00000, 0x0000000088e00000, 0x0000000088e00000|100%| O|  |TAMS 0x0000000088d00000| PB 0x0000000088d00000| Untracked 
| 142|0x0000000088e00000, 0x0000000088f00000, 0x0000000088f00000|100%| O|  |TAMS 0x0000000088e00000| PB 0x0000000088e00000| Untracked 
| 143|0x0000000088f00000, 0x0000000088f00000, 0x0000000089000000|  0%| F|  |TAMS 0x0000000088f00000| PB 0x0000000088f00000| Untracked 
| 144|0x0000000089000000, 0x0000000089100000, 0x0000000089100000|100%|HS|  |TAMS 0x0000000089000000| PB 0x0000000089000000| Complete 
| 145|0x0000000089100000, 0x0000000089200000, 0x0000000089200000|100%|HC|  |TAMS 0x0000000089100000| PB 0x0000000089100000| Complete 
| 146|0x0000000089200000, 0x0000000089300000, 0x0000000089300000|100%| O|  |TAMS 0x0000000089200000| PB 0x0000000089200000| Untracked 
| 147|0x0000000089300000, 0x0000000089400000, 0x0000000089400000|100%| O|  |TAMS 0x0000000089300000| PB 0x0000000089300000| Untracked 
| 148|0x0000000089400000, 0x0000000089500000, 0x0000000089500000|100%| O|  |TAMS 0x0000000089400000| PB 0x0000000089400000| Untracked 
| 149|0x0000000089500000, 0x0000000089600000, 0x0000000089600000|100%| O|  |TAMS 0x0000000089500000| PB 0x0000000089500000| Untracked 
| 150|0x0000000089600000, 0x0000000089700000, 0x0000000089700000|100%| O|  |TAMS 0x0000000089600000| PB 0x0000000089600000| Untracked 
| 151|0x0000000089700000, 0x0000000089800000, 0x0000000089800000|100%| O|  |TAMS 0x0000000089700000| PB 0x0000000089700000| Untracked 
| 152|0x0000000089800000, 0x0000000089900000, 0x0000000089900000|100%| O|  |TAMS 0x0000000089800000| PB 0x0000000089800000| Untracked 
| 153|0x0000000089900000, 0x0000000089a00000, 0x0000000089a00000|100%| O|  |TAMS 0x0000000089900000| PB 0x0000000089900000| Untracked 
| 154|0x0000000089a00000, 0x0000000089b00000, 0x0000000089b00000|100%| O|Cm|TAMS 0x0000000089a00000| PB 0x0000000089a00000| Complete 
| 155|0x0000000089b00000, 0x0000000089c00000, 0x0000000089c00000|100%| O|  |TAMS 0x0000000089b00000| PB 0x0000000089b00000| Untracked 
| 156|0x0000000089c00000, 0x0000000089d00000, 0x0000000089d00000|100%| O|  |TAMS 0x0000000089c00000| PB 0x0000000089c00000| Untracked 
| 157|0x0000000089d00000, 0x0000000089e00000, 0x0000000089e00000|100%| O|  |TAMS 0x0000000089d00000| PB 0x0000000089d00000| Untracked 
| 158|0x0000000089e00000, 0x0000000089f00000, 0x0000000089f00000|100%| O|Cm|TAMS 0x0000000089e00000| PB 0x0000000089e00000| Complete 
| 159|0x0000000089f00000, 0x000000008a000000, 0x000000008a000000|100%| O|Cm|TAMS 0x0000000089f00000| PB 0x0000000089f00000| Complete 
| 160|0x000000008a000000, 0x000000008a100000, 0x000000008a100000|100%| O|  |TAMS 0x000000008a000000| PB 0x000000008a000000| Untracked 
| 161|0x000000008a100000, 0x000000008a200000, 0x000000008a200000|100%| O|  |TAMS 0x000000008a100000| PB 0x000000008a100000| Untracked 
| 162|0x000000008a200000, 0x000000008a300000, 0x000000008a300000|100%| O|  |TAMS 0x000000008a200000| PB 0x000000008a200000| Untracked 
| 163|0x000000008a300000, 0x000000008a400000, 0x000000008a400000|100%| O|  |TAMS 0x000000008a300000| PB 0x000000008a300000| Untracked 
| 164|0x000000008a400000, 0x000000008a500000, 0x000000008a500000|100%| O|  |TAMS 0x000000008a400000| PB 0x000000008a400000| Untracked 
| 165|0x000000008a500000, 0x000000008a600000, 0x000000008a600000|100%| O|  |TAMS 0x000000008a500000| PB 0x000000008a500000| Untracked 
| 166|0x000000008a600000, 0x000000008a700000, 0x000000008a700000|100%| O|  |TAMS 0x000000008a600000| PB 0x000000008a600000| Untracked 
| 167|0x000000008a700000, 0x000000008a800000, 0x000000008a800000|100%| O|  |TAMS 0x000000008a700000| PB 0x000000008a700000| Untracked 
| 168|0x000000008a800000, 0x000000008a900000, 0x000000008a900000|100%| O|  |TAMS 0x000000008a800000| PB 0x000000008a800000| Untracked 
| 169|0x000000008a900000, 0x000000008aa00000, 0x000000008aa00000|100%| O|  |TAMS 0x000000008a900000| PB 0x000000008a900000| Untracked 
| 170|0x000000008aa00000, 0x000000008ab00000, 0x000000008ab00000|100%| O|Cm|TAMS 0x000000008aa00000| PB 0x000000008aa00000| Complete 
| 171|0x000000008ab00000, 0x000000008ab71800, 0x000000008ac00000| 44%| O|  |TAMS 0x000000008ab00000| PB 0x000000008ab00000| Untracked 
| 172|0x000000008ac00000, 0x000000008ac00000, 0x000000008ad00000|  0%| F|  |TAMS 0x000000008ac00000| PB 0x000000008ac00000| Untracked 
| 173|0x000000008ad00000, 0x000000008ad00000, 0x000000008ae00000|  0%| F|  |TAMS 0x000000008ad00000| PB 0x000000008ad00000| Untracked 
| 174|0x000000008ae00000, 0x000000008ae00000, 0x000000008af00000|  0%| F|  |TAMS 0x000000008ae00000| PB 0x000000008ae00000| Untracked 
| 175|0x000000008af00000, 0x000000008af00000, 0x000000008b000000|  0%| F|  |TAMS 0x000000008af00000| PB 0x000000008af00000| Untracked 
| 176|0x000000008b000000, 0x000000008b000000, 0x000000008b100000|  0%| F|  |TAMS 0x000000008b000000| PB 0x000000008b000000| Untracked 
| 177|0x000000008b100000, 0x000000008b100000, 0x000000008b200000|  0%| F|  |TAMS 0x000000008b100000| PB 0x000000008b100000| Untracked 
| 178|0x000000008b200000, 0x000000008b200000, 0x000000008b300000|  0%| F|  |TAMS 0x000000008b200000| PB 0x000000008b200000| Untracked 
| 179|0x000000008b300000, 0x000000008b300000, 0x000000008b400000|  0%| F|  |TAMS 0x000000008b300000| PB 0x000000008b300000| Untracked 
| 180|0x000000008b400000, 0x000000008b400000, 0x000000008b500000|  0%| F|  |TAMS 0x000000008b400000| PB 0x000000008b400000| Untracked 
| 181|0x000000008b500000, 0x000000008b500000, 0x000000008b600000|  0%| F|  |TAMS 0x000000008b500000| PB 0x000000008b500000| Untracked 
| 182|0x000000008b600000, 0x000000008b600000, 0x000000008b700000|  0%| F|  |TAMS 0x000000008b600000| PB 0x000000008b600000| Untracked 
| 183|0x000000008b700000, 0x000000008b700000, 0x000000008b800000|  0%| F|  |TAMS 0x000000008b700000| PB 0x000000008b700000| Untracked 
| 184|0x000000008b800000, 0x000000008b800000, 0x000000008b900000|  0%| F|  |TAMS 0x000000008b800000| PB 0x000000008b800000| Untracked 
| 185|0x000000008b900000, 0x000000008b900000, 0x000000008ba00000|  0%| F|  |TAMS 0x000000008b900000| PB 0x000000008b900000| Untracked 
| 186|0x000000008ba00000, 0x000000008ba00000, 0x000000008bb00000|  0%| F|  |TAMS 0x000000008ba00000| PB 0x000000008ba00000| Untracked 
| 187|0x000000008bb00000, 0x000000008bb00000, 0x000000008bc00000|  0%| F|  |TAMS 0x000000008bb00000| PB 0x000000008bb00000| Untracked 
| 188|0x000000008bc00000, 0x000000008bc00000, 0x000000008bd00000|  0%| F|  |TAMS 0x000000008bc00000| PB 0x000000008bc00000| Untracked 
| 189|0x000000008bd00000, 0x000000008bd00000, 0x000000008be00000|  0%| F|  |TAMS 0x000000008bd00000| PB 0x000000008bd00000| Untracked 
| 190|0x000000008be00000, 0x000000008be311b0, 0x000000008bf00000| 19%| S|CS|TAMS 0x000000008be00000| PB 0x000000008be00000| Complete 
| 191|0x000000008bf00000, 0x000000008c000000, 0x000000008c000000|100%| S|CS|TAMS 0x000000008bf00000| PB 0x000000008bf00000| Complete 
| 192|0x000000008c000000, 0x000000008c100000, 0x000000008c100000|100%| S|CS|TAMS 0x000000008c000000| PB 0x000000008c000000| Complete 
| 193|0x000000008c100000, 0x000000008c200000, 0x000000008c200000|100%| S|CS|TAMS 0x000000008c100000| PB 0x000000008c100000| Complete 
| 194|0x000000008c200000, 0x000000008c300000, 0x000000008c300000|100%| S|CS|TAMS 0x000000008c200000| PB 0x000000008c200000| Complete 
| 195|0x000000008c300000, 0x000000008c400000, 0x000000008c400000|100%| S|CS|TAMS 0x000000008c300000| PB 0x000000008c300000| Complete 
| 196|0x000000008c400000, 0x000000008c400000, 0x000000008c500000|  0%| F|  |TAMS 0x000000008c400000| PB 0x000000008c400000| Untracked 
| 197|0x000000008c500000, 0x000000008c500000, 0x000000008c600000|  0%| F|  |TAMS 0x000000008c500000| PB 0x000000008c500000| Untracked 
| 198|0x000000008c600000, 0x000000008c600000, 0x000000008c700000|  0%| F|  |TAMS 0x000000008c600000| PB 0x000000008c600000| Untracked 
| 199|0x000000008c700000, 0x000000008c700000, 0x000000008c800000|  0%| F|  |TAMS 0x000000008c700000| PB 0x000000008c700000| Untracked 
| 200|0x000000008c800000, 0x000000008c800000, 0x000000008c900000|  0%| F|  |TAMS 0x000000008c800000| PB 0x000000008c800000| Untracked 
| 201|0x000000008c900000, 0x000000008c900000, 0x000000008ca00000|  0%| F|  |TAMS 0x000000008c900000| PB 0x000000008c900000| Untracked 
| 202|0x000000008ca00000, 0x000000008ca00000, 0x000000008cb00000|  0%| F|  |TAMS 0x000000008ca00000| PB 0x000000008ca00000| Untracked 
| 203|0x000000008cb00000, 0x000000008cb00000, 0x000000008cc00000|  0%| F|  |TAMS 0x000000008cb00000| PB 0x000000008cb00000| Untracked 
| 204|0x000000008cc00000, 0x000000008cc00000, 0x000000008cd00000|  0%| F|  |TAMS 0x000000008cc00000| PB 0x000000008cc00000| Untracked 
| 205|0x000000008cd00000, 0x000000008cd00000, 0x000000008ce00000|  0%| F|  |TAMS 0x000000008cd00000| PB 0x000000008cd00000| Untracked 
| 206|0x000000008ce00000, 0x000000008ce00000, 0x000000008cf00000|  0%| F|  |TAMS 0x000000008ce00000| PB 0x000000008ce00000| Untracked 
| 207|0x000000008cf00000, 0x000000008cf00000, 0x000000008d000000|  0%| F|  |TAMS 0x000000008cf00000| PB 0x000000008cf00000| Untracked 
| 208|0x000000008d000000, 0x000000008d000000, 0x000000008d100000|  0%| F|  |TAMS 0x000000008d000000| PB 0x000000008d000000| Untracked 
| 209|0x000000008d100000, 0x000000008d100000, 0x000000008d200000|  0%| F|  |TAMS 0x000000008d100000| PB 0x000000008d100000| Untracked 
| 210|0x000000008d200000, 0x000000008d200000, 0x000000008d300000|  0%| F|  |TAMS 0x000000008d200000| PB 0x000000008d200000| Untracked 
| 211|0x000000008d300000, 0x000000008d300000, 0x000000008d400000|  0%| F|  |TAMS 0x000000008d300000| PB 0x000000008d300000| Untracked 
| 212|0x000000008d400000, 0x000000008d400000, 0x000000008d500000|  0%| F|  |TAMS 0x000000008d400000| PB 0x000000008d400000| Untracked 
| 213|0x000000008d500000, 0x000000008d500000, 0x000000008d600000|  0%| F|  |TAMS 0x000000008d500000| PB 0x000000008d500000| Untracked 
| 214|0x000000008d600000, 0x000000008d600000, 0x000000008d700000|  0%| F|  |TAMS 0x000000008d600000| PB 0x000000008d600000| Untracked 
| 215|0x000000008d700000, 0x000000008d700000, 0x000000008d800000|  0%| F|  |TAMS 0x000000008d700000| PB 0x000000008d700000| Untracked 
| 216|0x000000008d800000, 0x000000008d800000, 0x000000008d900000|  0%| F|  |TAMS 0x000000008d800000| PB 0x000000008d800000| Untracked 
| 217|0x000000008d900000, 0x000000008d900000, 0x000000008da00000|  0%| F|  |TAMS 0x000000008d900000| PB 0x000000008d900000| Untracked 
| 218|0x000000008da00000, 0x000000008da00000, 0x000000008db00000|  0%| F|  |TAMS 0x000000008da00000| PB 0x000000008da00000| Untracked 
| 219|0x000000008db00000, 0x000000008db00000, 0x000000008dc00000|  0%| F|  |TAMS 0x000000008db00000| PB 0x000000008db00000| Untracked 
| 220|0x000000008dc00000, 0x000000008dc00000, 0x000000008dd00000|  0%| F|  |TAMS 0x000000008dc00000| PB 0x000000008dc00000| Untracked 
| 221|0x000000008dd00000, 0x000000008dd00000, 0x000000008de00000|  0%| F|  |TAMS 0x000000008dd00000| PB 0x000000008dd00000| Untracked 
| 222|0x000000008de00000, 0x000000008de00000, 0x000000008df00000|  0%| F|  |TAMS 0x000000008de00000| PB 0x000000008de00000| Untracked 
| 223|0x000000008df00000, 0x000000008df00000, 0x000000008e000000|  0%| F|  |TAMS 0x000000008df00000| PB 0x000000008df00000| Untracked 
| 224|0x000000008e000000, 0x000000008e000000, 0x000000008e100000|  0%| F|  |TAMS 0x000000008e000000| PB 0x000000008e000000| Untracked 
| 225|0x000000008e100000, 0x000000008e100000, 0x000000008e200000|  0%| F|  |TAMS 0x000000008e100000| PB 0x000000008e100000| Untracked 
| 226|0x000000008e200000, 0x000000008e200000, 0x000000008e300000|  0%| F|  |TAMS 0x000000008e200000| PB 0x000000008e200000| Untracked 
| 227|0x000000008e300000, 0x000000008e300000, 0x000000008e400000|  0%| F|  |TAMS 0x000000008e300000| PB 0x000000008e300000| Untracked 
| 228|0x000000008e400000, 0x000000008e400000, 0x000000008e500000|  0%| F|  |TAMS 0x000000008e400000| PB 0x000000008e400000| Untracked 
| 229|0x000000008e500000, 0x000000008e500000, 0x000000008e600000|  0%| F|  |TAMS 0x000000008e500000| PB 0x000000008e500000| Untracked 
| 230|0x000000008e600000, 0x000000008e600000, 0x000000008e700000|  0%| F|  |TAMS 0x000000008e600000| PB 0x000000008e600000| Untracked 
| 231|0x000000008e700000, 0x000000008e700000, 0x000000008e800000|  0%| F|  |TAMS 0x000000008e700000| PB 0x000000008e700000| Untracked 
| 232|0x000000008e800000, 0x000000008e800000, 0x000000008e900000|  0%| F|  |TAMS 0x000000008e800000| PB 0x000000008e800000| Untracked 
| 233|0x000000008e900000, 0x000000008e900000, 0x000000008ea00000|  0%| F|  |TAMS 0x000000008e900000| PB 0x000000008e900000| Untracked 
| 234|0x000000008ea00000, 0x000000008ea00000, 0x000000008eb00000|  0%| F|  |TAMS 0x000000008ea00000| PB 0x000000008ea00000| Untracked 
| 235|0x000000008eb00000, 0x000000008eb00000, 0x000000008ec00000|  0%| F|  |TAMS 0x000000008eb00000| PB 0x000000008eb00000| Untracked 
| 236|0x000000008ec00000, 0x000000008ec00000, 0x000000008ed00000|  0%| F|  |TAMS 0x000000008ec00000| PB 0x000000008ec00000| Untracked 
| 237|0x000000008ed00000, 0x000000008ed00000, 0x000000008ee00000|  0%| F|  |TAMS 0x000000008ed00000| PB 0x000000008ed00000| Untracked 
| 238|0x000000008ee00000, 0x000000008ee00000, 0x000000008ef00000|  0%| F|  |TAMS 0x000000008ee00000| PB 0x000000008ee00000| Untracked 
| 239|0x000000008ef00000, 0x000000008ef00000, 0x000000008f000000|  0%| F|  |TAMS 0x000000008ef00000| PB 0x000000008ef00000| Untracked 
| 240|0x000000008f000000, 0x000000008f000000, 0x000000008f100000|  0%| F|  |TAMS 0x000000008f000000| PB 0x000000008f000000| Untracked 
| 241|0x000000008f100000, 0x000000008f100000, 0x000000008f200000|  0%| F|  |TAMS 0x000000008f100000| PB 0x000000008f100000| Untracked 
| 242|0x000000008f200000, 0x000000008f200000, 0x000000008f300000|  0%| F|  |TAMS 0x000000008f200000| PB 0x000000008f200000| Untracked 
| 243|0x000000008f300000, 0x000000008f300000, 0x000000008f400000|  0%| F|  |TAMS 0x000000008f300000| PB 0x000000008f300000| Untracked 
| 244|0x000000008f400000, 0x000000008f400000, 0x000000008f500000|  0%| F|  |TAMS 0x000000008f400000| PB 0x000000008f400000| Untracked 
| 245|0x000000008f500000, 0x000000008f500000, 0x000000008f600000|  0%| F|  |TAMS 0x000000008f500000| PB 0x000000008f500000| Untracked 
| 246|0x000000008f600000, 0x000000008f600000, 0x000000008f700000|  0%| F|  |TAMS 0x000000008f600000| PB 0x000000008f600000| Untracked 
| 247|0x000000008f700000, 0x000000008f800000, 0x000000008f800000|100%| E|CS|TAMS 0x000000008f700000| PB 0x000000008f700000| Complete 
| 248|0x000000008f800000, 0x000000008f900000, 0x000000008f900000|100%| E|CS|TAMS 0x000000008f800000| PB 0x000000008f800000| Complete 
| 249|0x000000008f900000, 0x000000008fa00000, 0x000000008fa00000|100%| E|CS|TAMS 0x000000008f900000| PB 0x000000008f900000| Complete 
| 250|0x000000008fa00000, 0x000000008fb00000, 0x000000008fb00000|100%| E|CS|TAMS 0x000000008fa00000| PB 0x000000008fa00000| Complete 
| 251|0x000000008fb00000, 0x000000008fb00000, 0x000000008fc00000|  0%| F|  |TAMS 0x000000008fb00000| PB 0x000000008fb00000| Untracked 
| 252|0x000000008fc00000, 0x000000008fc00000, 0x000000008fd00000|  0%| F|  |TAMS 0x000000008fc00000| PB 0x000000008fc00000| Untracked 
| 253|0x000000008fd00000, 0x000000008fd00000, 0x000000008fe00000|  0%| F|  |TAMS 0x000000008fd00000| PB 0x000000008fd00000| Untracked 
| 254|0x000000008fe00000, 0x000000008fe00000, 0x000000008ff00000|  0%| F|  |TAMS 0x000000008fe00000| PB 0x000000008fe00000| Untracked 
| 255|0x000000008ff00000, 0x000000008ff00000, 0x0000000090000000|  0%| F|  |TAMS 0x000000008ff00000| PB 0x000000008ff00000| Untracked 
| 256|0x0000000090000000, 0x0000000090000000, 0x0000000090100000|  0%| F|  |TAMS 0x0000000090000000| PB 0x0000000090000000| Untracked 
| 257|0x0000000090100000, 0x0000000090100000, 0x0000000090200000|  0%| F|  |TAMS 0x0000000090100000| PB 0x0000000090100000| Untracked 
| 258|0x0000000090200000, 0x0000000090200000, 0x0000000090300000|  0%| F|  |TAMS 0x0000000090200000| PB 0x0000000090200000| Untracked 
| 259|0x0000000090300000, 0x0000000090300000, 0x0000000090400000|  0%| F|  |TAMS 0x0000000090300000| PB 0x0000000090300000| Untracked 
| 260|0x0000000090400000, 0x0000000090400000, 0x0000000090500000|  0%| F|  |TAMS 0x0000000090400000| PB 0x0000000090400000| Untracked 
| 261|0x0000000090500000, 0x0000000090500000, 0x0000000090600000|  0%| F|  |TAMS 0x0000000090500000| PB 0x0000000090500000| Untracked 
| 262|0x0000000090600000, 0x0000000090600000, 0x0000000090700000|  0%| F|  |TAMS 0x0000000090600000| PB 0x0000000090600000| Untracked 
| 263|0x0000000090700000, 0x0000000090700000, 0x0000000090800000|  0%| F|  |TAMS 0x0000000090700000| PB 0x0000000090700000| Untracked 
| 264|0x0000000090800000, 0x0000000090800000, 0x0000000090900000|  0%| F|  |TAMS 0x0000000090800000| PB 0x0000000090800000| Untracked 
| 265|0x0000000090900000, 0x0000000090900000, 0x0000000090a00000|  0%| F|  |TAMS 0x0000000090900000| PB 0x0000000090900000| Untracked 
| 266|0x0000000090a00000, 0x0000000090a00000, 0x0000000090b00000|  0%| F|  |TAMS 0x0000000090a00000| PB 0x0000000090a00000| Untracked 
| 267|0x0000000090b00000, 0x0000000090b00000, 0x0000000090c00000|  0%| F|  |TAMS 0x0000000090b00000| PB 0x0000000090b00000| Untracked 
| 268|0x0000000090c00000, 0x0000000090c00000, 0x0000000090d00000|  0%| F|  |TAMS 0x0000000090c00000| PB 0x0000000090c00000| Untracked 
| 269|0x0000000090d00000, 0x0000000090d00000, 0x0000000090e00000|  0%| F|  |TAMS 0x0000000090d00000| PB 0x0000000090d00000| Untracked 
| 270|0x0000000090e00000, 0x0000000090e00000, 0x0000000090f00000|  0%| F|  |TAMS 0x0000000090e00000| PB 0x0000000090e00000| Untracked 
| 271|0x0000000090f00000, 0x0000000090f58090, 0x0000000091000000| 34%| E|  |TAMS 0x0000000090f00000| PB 0x0000000090f00000| Complete 
| 272|0x0000000091000000, 0x0000000091100000, 0x0000000091100000|100%| E|CS|TAMS 0x0000000091000000| PB 0x0000000091000000| Complete 
| 273|0x0000000091100000, 0x0000000091200000, 0x0000000091200000|100%| E|CS|TAMS 0x0000000091100000| PB 0x0000000091100000| Complete 
| 274|0x0000000091200000, 0x0000000091300000, 0x0000000091300000|100%| E|CS|TAMS 0x0000000091200000| PB 0x0000000091200000| Complete 
| 275|0x0000000091300000, 0x0000000091400000, 0x0000000091400000|100%| E|CS|TAMS 0x0000000091300000| PB 0x0000000091300000| Complete 
| 276|0x0000000091400000, 0x0000000091500000, 0x0000000091500000|100%| E|CS|TAMS 0x0000000091400000| PB 0x0000000091400000| Complete 
| 277|0x0000000091500000, 0x0000000091600000, 0x0000000091600000|100%| E|CS|TAMS 0x0000000091500000| PB 0x0000000091500000| Complete 
| 278|0x0000000091600000, 0x0000000091700000, 0x0000000091700000|100%| E|CS|TAMS 0x0000000091600000| PB 0x0000000091600000| Complete 
| 279|0x0000000091700000, 0x0000000091800000, 0x0000000091800000|100%| E|CS|TAMS 0x0000000091700000| PB 0x0000000091700000| Complete 
| 280|0x0000000091800000, 0x0000000091900000, 0x0000000091900000|100%| E|CS|TAMS 0x0000000091800000| PB 0x0000000091800000| Complete 
| 281|0x0000000091900000, 0x0000000091a00000, 0x0000000091a00000|100%| E|CS|TAMS 0x0000000091900000| PB 0x0000000091900000| Complete 
| 282|0x0000000091a00000, 0x0000000091b00000, 0x0000000091b00000|100%| E|CS|TAMS 0x0000000091a00000| PB 0x0000000091a00000| Complete 
| 283|0x0000000091b00000, 0x0000000091c00000, 0x0000000091c00000|100%| E|CS|TAMS 0x0000000091b00000| PB 0x0000000091b00000| Complete 
| 284|0x0000000091c00000, 0x0000000091d00000, 0x0000000091d00000|100%| E|CS|TAMS 0x0000000091c00000| PB 0x0000000091c00000| Complete 
| 285|0x0000000091d00000, 0x0000000091e00000, 0x0000000091e00000|100%| E|  |TAMS 0x0000000091d00000| PB 0x0000000091d00000| Complete 
| 286|0x0000000091e00000, 0x0000000091f00000, 0x0000000091f00000|100%| E|CS|TAMS 0x0000000091e00000| PB 0x0000000091e00000| Complete 
| 287|0x0000000091f00000, 0x0000000092000000, 0x0000000092000000|100%| E|CS|TAMS 0x0000000091f00000| PB 0x0000000091f00000| Complete 
| 288|0x0000000092000000, 0x0000000092100000, 0x0000000092100000|100%| E|CS|TAMS 0x0000000092000000| PB 0x0000000092000000| Complete 
| 289|0x0000000092100000, 0x0000000092200000, 0x0000000092200000|100%| E|CS|TAMS 0x0000000092100000| PB 0x0000000092100000| Complete 
|2044|0x00000000ffc00000, 0x00000000ffd00000, 0x00000000ffd00000|100%| O|  |TAMS 0x00000000ffc00000| PB 0x00000000ffc00000| Untracked 
|2045|0x00000000ffd00000, 0x00000000ffe00000, 0x00000000ffe00000|100%| E|CS|TAMS 0x00000000ffd00000| PB 0x00000000ffd00000| Complete 
|2046|0x00000000ffe00000, 0x00000000fff00000, 0x00000000fff00000|100%| E|CS|TAMS 0x00000000ffe00000| PB 0x00000000ffe00000| Complete 
|2047|0x00000000fff00000, 0x0000000100000000, 0x0000000100000000|100%| O|  |TAMS 0x00000000fff00000| PB 0x00000000fff00000| Untracked 

Card table byte_map: [0x000001c576b20000,0x000001c576f20000] _byte_map_base: 0x000001c576720000

Marking Bits: (CMBitMap*) 0x000001c57356a9e0
 Bits: [0x000001c576f20000, 0x000001c578f20000)

Polling page: 0x000001c5712f0000

Metaspace:

Usage:
  Non-class:     99.95 MB used.
      Class:     16.27 MB used.
       Both:    116.22 MB used.

Virtual space:
  Non-class space:      128.00 MB reserved,     101.50 MB ( 79%) committed,  2 nodes.
      Class space:      416.00 MB reserved,      17.62 MB (  4%) committed,  1 nodes.
             Both:      544.00 MB reserved,     119.12 MB ( 22%) committed. 

Chunk freelists:
   Non-Class:  10.13 MB
       Class:  14.33 MB
        Both:  24.47 MB

MaxMetaspaceSize: 512.00 MB
CompressedClassSpaceSize: 416.00 MB
Initial GC threshold: 21.00 MB
Current GC threshold: 198.56 MB
CDS: on
 - commit_granule_bytes: 65536.
 - commit_granule_words: 8192.
 - virtual_space_node_default_size: 8388608.
 - enlarge_chunks_in_place: 1.
 - use_allocation_guard: 0.


Internal statistics:

num_allocs_failed_limit: 9.
num_arena_births: 4676.
num_arena_deaths: 190.
num_vsnodes_births: 3.
num_vsnodes_deaths: 0.
num_space_committed: 1906.
num_space_uncommitted: 0.
num_chunks_returned_to_freelist: 213.
num_chunks_taken_from_freelist: 10399.
num_chunk_merges: 59.
num_chunk_splits: 6750.
num_chunks_enlarged: 4251.
num_inconsistent_stats: 0.

CodeHeap 'non-profiled nmethods': size=120000Kb used=8067Kb max_used=8354Kb free=111933Kb
 bounds [0x000001c507ad0000, 0x000001c508300000, 0x000001c50f000000]
CodeHeap 'profiled nmethods': size=120000Kb used=18075Kb max_used=20209Kb free=101924Kb
 bounds [0x000001c500000000, 0x000001c5013d0000, 0x000001c507530000]
CodeHeap 'non-nmethods': size=5760Kb used=2797Kb max_used=2889Kb free=2962Kb
 bounds [0x000001c507530000, 0x000001c507820000, 0x000001c507ad0000]
CodeCache: size=245760Kb, used=28939Kb, max_used=31452Kb, free=216819Kb
 total_blobs=10139, nmethods=9088, adapters=953, full_count=0
Compilation: enabled, stopped_count=0, restarted_count=0

Compilation events (20 events):
Event: 1886.713 Thread 0x000001c57b41b960 nmethod 18938 0x000001c50024cd90 code [0x000001c50024d080, 0x000001c50024e118]
Event: 1886.713 Thread 0x000001c57b41b960 18939       3       com.google.common.cache.LocalCache$Segment::getFirst (21 bytes)
Event: 1886.715 Thread 0x000001c57b41b960 nmethod 18939 0x000001c50020e410 code [0x000001c50020e680, 0x000001c50020f198]
Event: 1886.715 Thread 0x000001c57b41b960 18940       3       com.google.common.cache.LocalCache::rehash (49 bytes)
Event: 1886.716 Thread 0x000001c57b41b960 nmethod 18940 0x000001c500081290 code [0x000001c500081420, 0x000001c500081550]
Event: 1886.716 Thread 0x000001c57b41b960 18941   !   3       com.google.common.cache.LocalCache$Segment::get (210 bytes)
Event: 1886.719 Thread 0x000001c57b41b960 nmethod 18941 0x000001c500275290 code [0x000001c5002756c0, 0x000001c500277060]
Event: 1886.779 Thread 0x000001c57b3db9b0 18942       4       org.gradle.internal.extensibility.MixInClosurePropertiesAsMethodsDynamicObject::tryInvokeMethod (185 bytes)
Event: 1886.785 Thread 0x000001c57b3db9b0 nmethod 18942 0x000001c507ae0f90 code [0x000001c507ae1160, 0x000001c507ae1428]
Event: 1886.796 Thread 0x000001c57b3db9b0 18943   !   4       org.gradle.internal.metaobject.ConfigureDelegate::invokeMethod (150 bytes)
Event: 1886.811 Thread 0x000001c57b3db9b0 nmethod 18943 0x000001c508160e90 code [0x000001c508161100, 0x000001c508161868]
Event: 1886.819 Thread 0x000001c57b41b960 18944       3       org.gradle.api.internal.DynamicPropertyNamer::<init> (5 bytes)
Event: 1886.819 Thread 0x000001c57b41b960 nmethod 18944 0x000001c50003ef90 code [0x000001c50003f140, 0x000001c50003f2a8]
Event: 1886.851 Thread 0x000001c57b3db9b0 18945       4       org.gradle.api.internal.DefaultNamedDomainObjectCollection::findByName (61 bytes)
Event: 1886.899 Thread 0x000001c57b41b960 18946       3       org.gradle.api.internal.FactoryNamedDomainObjectContainer_Decorated::<init> (18 bytes)
Event: 1886.901 Thread 0x000001c57b41b960 nmethod 18946 0x000001c500726490 code [0x000001c5007267c0, 0x000001c500727c20]
Event: 1886.902 Thread 0x000001c57b41b960 18947       3       org.gradle.api.internal.FactoryNamedDomainObjectContainer_Decorated$$Lambda/0x000001c5109be198::run (8 bytes)
Event: 1886.902 Thread 0x000001c57b41b960 nmethod 18947 0x000001c50001eb90 code [0x000001c50001eda0, 0x000001c50001f588]
Event: 1886.902 Thread 0x000001c57b41b960 18948       3       com.google.common.base.CharMatcher::indexIn (48 bytes)
Event: 1886.903 Thread 0x000001c57b41b960 nmethod 18948 0x000001c500033a90 code [0x000001c500033ca0, 0x000001c5000341d8]

GC Heap History (20 events):
Event: 1727.331 GC heap before
{Heap before GC invocations=56 (full 0):
 garbage-first heap   total 196608K, used 181666K [0x0000000080000000, 0x0000000100000000)
  region size 1024K, 66 young (67584K), 5 survivors (5120K)
 Metaspace       used 113269K, committed 115840K, reserved 557056K
  class space    used 15900K, committed 17152K, reserved 425984K
}
Event: 1727.355 GC heap after
{Heap after GC invocations=57 (full 0):
 garbage-first heap   total 196608K, used 124069K [0x0000000080000000, 0x0000000100000000)
  region size 1024K, 9 young (9216K), 9 survivors (9216K)
 Metaspace       used 113269K, committed 115840K, reserved 557056K
  class space    used 15900K, committed 17152K, reserved 425984K
}
Event: 1740.474 GC heap before
{Heap before GC invocations=58 (full 0):
 garbage-first heap   total 208896K, used 182437K [0x0000000080000000, 0x0000000100000000)
  region size 1024K, 66 young (67584K), 9 survivors (9216K)
 Metaspace       used 114833K, committed 117376K, reserved 557056K
  class space    used 16114K, committed 17344K, reserved 425984K
}
Event: 1740.510 GC heap after
{Heap after GC invocations=59 (full 0):
 garbage-first heap   total 208896K, used 132496K [0x0000000080000000, 0x0000000100000000)
  region size 1024K, 8 young (8192K), 8 survivors (8192K)
 Metaspace       used 114833K, committed 117376K, reserved 557056K
  class space    used 16114K, committed 17344K, reserved 425984K
}
Event: 1748.758 GC heap before
{Heap before GC invocations=59 (full 0):
 garbage-first heap   total 208896K, used 190864K [0x0000000080000000, 0x0000000100000000)
  region size 1024K, 66 young (67584K), 8 survivors (8192K)
 Metaspace       used 114855K, committed 117376K, reserved 557056K
  class space    used 16114K, committed 17344K, reserved 425984K
}
Event: 1748.781 GC heap after
{Heap after GC invocations=60 (full 0):
 garbage-first heap   total 208896K, used 135542K [0x0000000080000000, 0x0000000100000000)
  region size 1024K, 5 young (5120K), 5 survivors (5120K)
 Metaspace       used 114855K, committed 117376K, reserved 557056K
  class space    used 16114K, committed 17344K, reserved 425984K
}
Event: 1758.958 GC heap before
{Heap before GC invocations=60 (full 0):
 garbage-first heap   total 208896K, used 192886K [0x0000000080000000, 0x0000000100000000)
  region size 1024K, 61 young (62464K), 5 survivors (5120K)
 Metaspace       used 114857K, committed 117376K, reserved 557056K
  class space    used 16114K, committed 17344K, reserved 425984K
}
Event: 1758.969 GC heap after
{Heap after GC invocations=61 (full 0):
 garbage-first heap   total 208896K, used 137172K [0x0000000080000000, 0x0000000100000000)
  region size 1024K, 6 young (6144K), 6 survivors (6144K)
 Metaspace       used 114857K, committed 117376K, reserved 557056K
  class space    used 16114K, committed 17344K, reserved 425984K
}
Event: 1801.695 GC heap before
{Heap before GC invocations=62 (full 0):
 garbage-first heap   total 229376K, used 198612K [0x0000000080000000, 0x0000000100000000)
  region size 1024K, 62 young (63488K), 6 survivors (6144K)
 Metaspace       used 116496K, committed 119168K, reserved 557056K
  class space    used 16374K, committed 17664K, reserved 425984K
}
Event: 1801.857 GC heap after
{Heap after GC invocations=63 (full 0):
 garbage-first heap   total 229376K, used 146247K [0x0000000080000000, 0x0000000100000000)
  region size 1024K, 8 young (8192K), 8 survivors (8192K)
 Metaspace       used 116496K, committed 119168K, reserved 557056K
  class space    used 16374K, committed 17664K, reserved 425984K
}
Event: 1817.859 GC heap before
{Heap before GC invocations=63 (full 0):
 garbage-first heap   total 229376K, used 208711K [0x0000000080000000, 0x0000000100000000)
  region size 1024K, 70 young (71680K), 8 survivors (8192K)
 Metaspace       used 117501K, committed 120192K, reserved 557056K
  class space    used 16523K, committed 17856K, reserved 425984K
}
Event: 1817.945 GC heap after
{Heap after GC invocations=64 (full 0):
 garbage-first heap   total 230400K, used 154083K [0x0000000080000000, 0x0000000100000000)
  region size 1024K, 9 young (9216K), 9 survivors (9216K)
 Metaspace       used 117501K, committed 120192K, reserved 557056K
  class space    used 16523K, committed 17856K, reserved 425984K
}
Event: 1824.672 GC heap before
{Heap before GC invocations=64 (full 0):
 garbage-first heap   total 230400K, used 209379K [0x0000000080000000, 0x0000000100000000)
  region size 1024K, 64 young (65536K), 9 survivors (9216K)
 Metaspace       used 117514K, committed 120192K, reserved 557056K
  class space    used 16525K, committed 17856K, reserved 425984K
}
Event: 1824.703 GC heap after
{Heap after GC invocations=65 (full 0):
 garbage-first heap   total 230400K, used 156672K [0x0000000080000000, 0x0000000100000000)
  region size 1024K, 4 young (4096K), 4 survivors (4096K)
 Metaspace       used 117514K, committed 120192K, reserved 557056K
  class space    used 16525K, committed 17856K, reserved 425984K
}
Event: 1869.525 GC heap before
{Heap before GC invocations=66 (full 0):
 garbage-first heap   total 261120K, used 214016K [0x0000000080000000, 0x0000000100000000)
  region size 1024K, 59 young (60416K), 4 survivors (4096K)
 Metaspace       used 119191K, committed 121984K, reserved 557056K
  class space    used 16706K, committed 18048K, reserved 425984K
}
Event: 1869.593 GC heap after
{Heap after GC invocations=67 (full 0):
 garbage-first heap   total 261120K, used 174080K [0x0000000080000000, 0x0000000100000000)
  region size 1024K, 8 young (8192K), 8 survivors (8192K)
 Metaspace       used 119191K, committed 121984K, reserved 557056K
  class space    used 16706K, committed 18048K, reserved 425984K
}
Event: 1873.849 GC heap before
{Heap before GC invocations=67 (full 0):
 garbage-first heap   total 261120K, used 231424K [0x0000000080000000, 0x0000000100000000)
  region size 1024K, 65 young (66560K), 8 survivors (8192K)
 Metaspace       used 119194K, committed 121984K, reserved 557056K
  class space    used 16706K, committed 18048K, reserved 425984K
}
Event: 1873.917 GC heap after
{Heap after GC invocations=68 (full 0):
 garbage-first heap   total 261120K, used 177502K [0x0000000080000000, 0x0000000100000000)
  region size 1024K, 4 young (4096K), 4 survivors (4096K)
 Metaspace       used 119194K, committed 121984K, reserved 557056K
  class space    used 16706K, committed 18048K, reserved 425984K
}
Event: 1882.631 GC heap before
{Heap before GC invocations=68 (full 0):
 garbage-first heap   total 261120K, used 234846K [0x0000000080000000, 0x0000000100000000)
  region size 1024K, 61 young (62464K), 4 survivors (4096K)
 Metaspace       used 119194K, committed 121984K, reserved 557056K
  class space    used 16706K, committed 18048K, reserved 425984K
}
Event: 1882.657 GC heap after
{Heap after GC invocations=69 (full 0):
 garbage-first heap   total 261120K, used 178826K [0x0000000080000000, 0x0000000100000000)
  region size 1024K, 6 young (6144K), 6 survivors (6144K)
 Metaspace       used 119194K, committed 121984K, reserved 557056K
  class space    used 16706K, committed 18048K, reserved 425984K
}

Dll operation events (14 events):
Event: 0.016 Loaded shared library C:\Users\LENOVO\.antigravity\extensions\redhat.java-1.53.0-win32-x64\jre\21.0.10-win32-x86_64\bin\java.dll
Event: 0.220 Loaded shared library C:\Users\LENOVO\.antigravity\extensions\redhat.java-1.53.0-win32-x64\jre\21.0.10-win32-x86_64\bin\zip.dll
Event: 0.300 Loaded shared library C:\Users\LENOVO\.antigravity\extensions\redhat.java-1.53.0-win32-x64\jre\21.0.10-win32-x86_64\bin\instrument.dll
Event: 0.308 Loaded shared library C:\Users\LENOVO\.antigravity\extensions\redhat.java-1.53.0-win32-x64\jre\21.0.10-win32-x86_64\bin\net.dll
Event: 0.315 Loaded shared library C:\Users\LENOVO\.antigravity\extensions\redhat.java-1.53.0-win32-x64\jre\21.0.10-win32-x86_64\bin\nio.dll
Event: 0.321 Loaded shared library C:\Users\LENOVO\.antigravity\extensions\redhat.java-1.53.0-win32-x64\jre\21.0.10-win32-x86_64\bin\zip.dll
Event: 1.437 Loaded shared library C:\Users\LENOVO\.antigravity\extensions\redhat.java-1.53.0-win32-x64\jre\21.0.10-win32-x86_64\bin\jimage.dll
Event: 1.923 Loaded shared library C:\Users\LENOVO\.antigravity\extensions\redhat.java-1.53.0-win32-x64\jre\21.0.10-win32-x86_64\bin\verify.dll
Event: 2.268 Loaded shared library C:\Users\LENOVO\.gradle\native\1def1411415f61bf3af743bc5b6707747c0891f09f0c88961ee8f79bc544acac\windows-amd64\native-platform.dll
Event: 2.839 Loaded shared library C:\Users\LENOVO\.gradle\native\0.2.7\x86_64-windows-gnu\gradle-fileevents.dll
Event: 7.035 Loaded shared library C:\Users\LENOVO\.antigravity\extensions\redhat.java-1.53.0-win32-x64\jre\21.0.10-win32-x86_64\bin\management.dll
Event: 7.040 Loaded shared library C:\Users\LENOVO\.antigravity\extensions\redhat.java-1.53.0-win32-x64\jre\21.0.10-win32-x86_64\bin\management_ext.dll
Event: 7.586 Loaded shared library C:\Users\LENOVO\.antigravity\extensions\redhat.java-1.53.0-win32-x64\jre\21.0.10-win32-x86_64\bin\extnet.dll
Event: 8.224 Loaded shared library C:\Users\LENOVO\.antigravity\extensions\redhat.java-1.53.0-win32-x64\jre\21.0.10-win32-x86_64\bin\sunmscapi.dll

Deoptimization events (20 events):
Event: 1857.270 Thread 0x000001c5322a9b40 Uncommon trap: trap_request=0xffffff45 fr.pc=0x000001c507b10b7c relative=0x000000000000033c
Event: 1857.270 Thread 0x000001c5322a9b40 Uncommon trap: reason=unstable_if action=reinterpret pc=0x000001c507b10b7c method=org.codehaus.groovy.runtime.MetaClassHelper.getClassWithNullAndWrapper(Ljava/lang/Object;)Ljava/lang/Class; @ 1 c2
Event: 1857.270 Thread 0x000001c5322a9b40 DEOPT PACKING pc=0x000001c507b10b7c sp=0x000000c171ff83a0
Event: 1857.270 Thread 0x000001c5322a9b40 DEOPT UNPACKING pc=0x000001c507584422 sp=0x000000c171ff82e8 mode 2
Event: 1857.270 Thread 0x000001c5322a9b40 Uncommon trap: trap_request=0xffffff45 fr.pc=0x000001c5080b9424 relative=0x0000000000000264
Event: 1857.270 Thread 0x000001c5322a9b40 Uncommon trap: reason=unstable_if action=reinterpret pc=0x000001c5080b9424 method=org.codehaus.groovy.reflection.ParameterTypes.coerceArgumentsToClasses([Ljava/lang/Object;)[Ljava/lang/Object; @ 19 c2
Event: 1857.270 Thread 0x000001c5322a9b40 DEOPT PACKING pc=0x000001c5080b9424 sp=0x000000c171ff7fd0
Event: 1857.270 Thread 0x000001c5322a9b40 DEOPT UNPACKING pc=0x000001c507584422 sp=0x000000c171ff7fa0 mode 2
Event: 1868.919 Thread 0x000001c5322a9b40 Uncommon trap: trap_request=0xffffff45 fr.pc=0x000001c508239650 relative=0x00000000000000b0
Event: 1868.920 Thread 0x000001c5322a9b40 Uncommon trap: reason=unstable_if action=reinterpret pc=0x000001c508239650 method=com.esotericsoftware.kryo.io.Output.writeByte(B)V @ 8 c2
Event: 1868.920 Thread 0x000001c5322a9b40 DEOPT PACKING pc=0x000001c508239650 sp=0x000000c171ff80d0
Event: 1868.920 Thread 0x000001c5322a9b40 DEOPT UNPACKING pc=0x000001c507584422 sp=0x000000c171ff7ff0 mode 2
Event: 1873.301 Thread 0x000001c5322a9b40 Uncommon trap: trap_request=0xffffff45 fr.pc=0x000001c5081cc070 relative=0x0000000000000230
Event: 1873.301 Thread 0x000001c5322a9b40 Uncommon trap: reason=unstable_if action=reinterpret pc=0x000001c5081cc070 method=java.util.concurrent.locks.AbstractQueuedSynchronizer.hasQueuedPredecessors()Z @ 33 c2
Event: 1873.301 Thread 0x000001c5322a9b40 DEOPT PACKING pc=0x000001c5081cc070 sp=0x000000c171ff6400
Event: 1873.301 Thread 0x000001c5322a9b40 DEOPT UNPACKING pc=0x000001c507584422 sp=0x000000c171ff6348 mode 2
Event: 1883.515 Thread 0x000001c531a38f60 Uncommon trap: trap_request=0xffffff45 fr.pc=0x000001c507f669f4 relative=0x0000000000000954
Event: 1883.515 Thread 0x000001c531a38f60 Uncommon trap: reason=unstable_if action=reinterpret pc=0x000001c507f669f4 method=java.util.concurrent.FutureTask.awaitDone(ZJ)I @ 38 c2
Event: 1883.515 Thread 0x000001c531a38f60 DEOPT PACKING pc=0x000001c507f669f4 sp=0x000000c1762fcb40
Event: 1883.515 Thread 0x000001c531a38f60 DEOPT UNPACKING pc=0x000001c507584422 sp=0x000000c1762fc8a8 mode 2

Classes loaded (20 events):
Event: 1859.666 Loading class com/sun/org/apache/xerces/internal/impl/Constants
Event: 1859.689 Loading class com/sun/org/apache/xerces/internal/impl/Constants done
Event: 1859.693 Loading class com/sun/org/apache/xerces/internal/impl/Constants$ArrayEnumeration
Event: 1859.694 Loading class com/sun/org/apache/xerces/internal/impl/Constants$ArrayEnumeration done
Event: 1859.694 Loading class com/sun/org/apache/xerces/internal/impl/io/MalformedByteSequenceException
Event: 1859.695 Loading class java/io/CharConversionException
Event: 1859.696 Loading class java/io/CharConversionException done
Event: 1859.696 Loading class com/sun/org/apache/xerces/internal/impl/io/MalformedByteSequenceException done
Event: 1859.696 Loading class com/sun/org/apache/xerces/internal/dom/DeepNodeListImpl
Event: 1859.697 Loading class com/sun/org/apache/xerces/internal/dom/DeepNodeListImpl done
Event: 1859.697 Loading class com/sun/org/apache/xerces/internal/dom/DeferredElementImpl
Event: 1859.697 Loading class com/sun/org/apache/xerces/internal/dom/DeferredElementImpl done
Event: 1859.698 Loading class com/sun/org/apache/xerces/internal/dom/AttributeMap
Event: 1859.701 Loading class com/sun/org/apache/xerces/internal/dom/NamedNodeMapImpl
Event: 1859.702 Loading class com/sun/org/apache/xerces/internal/dom/NamedNodeMapImpl done
Event: 1859.702 Loading class com/sun/org/apache/xerces/internal/dom/AttributeMap done
Event: 1859.702 Loading class com/sun/org/apache/xerces/internal/dom/DeferredAttrImpl
Event: 1859.702 Loading class com/sun/org/apache/xerces/internal/dom/AttrImpl
Event: 1859.704 Loading class com/sun/org/apache/xerces/internal/dom/AttrImpl done
Event: 1859.704 Loading class com/sun/org/apache/xerces/internal/dom/DeferredAttrImpl done

Classes unloaded (20 events):
Event: 1883.931 Thread 0x000001c57b3b1b40 Unloading class 0x000001c5100fa000 'java/lang/invoke/LambdaForm$MH+0x000001c5100fa000'
Event: 1883.931 Thread 0x000001c57b3b1b40 Unloading class 0x000001c5100f9800 'java/lang/invoke/LambdaForm$MH+0x000001c5100f9800'
Event: 1883.931 Thread 0x000001c57b3b1b40 Unloading class 0x000001c5100f9400 'java/lang/invoke/LambdaForm$MH+0x000001c5100f9400'
Event: 1883.931 Thread 0x000001c57b3b1b40 Unloading class 0x000001c5100f9000 'java/lang/invoke/LambdaForm$MH+0x000001c5100f9000'
Event: 1883.931 Thread 0x000001c57b3b1b40 Unloading class 0x000001c5100f8c00 'java/lang/invoke/LambdaForm$MH+0x000001c5100f8c00'
Event: 1883.931 Thread 0x000001c57b3b1b40 Unloading class 0x000001c5100f8800 'java/lang/invoke/LambdaForm$MH+0x000001c5100f8800'
Event: 1883.931 Thread 0x000001c57b3b1b40 Unloading class 0x000001c5100f8400 'java/lang/invoke/LambdaForm$MH+0x000001c5100f8400'
Event: 1883.931 Thread 0x000001c57b3b1b40 Unloading class 0x000001c5100f8000 'java/lang/invoke/LambdaForm$MH+0x000001c5100f8000'
Event: 1883.931 Thread 0x000001c57b3b1b40 Unloading class 0x000001c5100e5000 'java/lang/invoke/LambdaForm$MH+0x000001c5100e5000'
Event: 1883.932 Thread 0x000001c57b3b1b40 Unloading class 0x000001c5100e4c00 'java/lang/invoke/LambdaForm$MH+0x000001c5100e4c00'
Event: 1883.932 Thread 0x000001c57b3b1b40 Unloading class 0x000001c5100d9400 'java/lang/invoke/LambdaForm$MH+0x000001c5100d9400'
Event: 1883.932 Thread 0x000001c57b3b1b40 Unloading class 0x000001c5100d9000 'java/lang/invoke/LambdaForm$MH+0x000001c5100d9000'
Event: 1883.932 Thread 0x000001c57b3b1b40 Unloading class 0x000001c5100d8c00 'java/lang/invoke/LambdaForm$BMH+0x000001c5100d8c00'
Event: 1883.932 Thread 0x000001c57b3b1b40 Unloading class 0x000001c510036000 'java/lang/invoke/LambdaForm$MH+0x000001c510036000'
Event: 1883.932 Thread 0x000001c57b3b1b40 Unloading class 0x000001c510035c00 'java/lang/invoke/LambdaForm$MH+0x000001c510035c00'
Event: 1883.932 Thread 0x000001c57b3b1b40 Unloading class 0x000001c510034000 'java/lang/invoke/LambdaForm$MH+0x000001c510034000'
Event: 1883.933 Thread 0x000001c57b3b1b40 Unloading class 0x000001c510002400 'java/lang/invoke/LambdaForm$MH+0x000001c510002400'
Event: 1883.933 Thread 0x000001c57b3b1b40 Unloading class 0x000001c510002000 'java/lang/invoke/LambdaForm$MH+0x000001c510002000'
Event: 1883.933 Thread 0x000001c57b3b1b40 Unloading class 0x000001c510001c00 'java/lang/invoke/LambdaForm$MH+0x000001c510001c00'
Event: 1883.933 Thread 0x000001c57b3b1b40 Unloading class 0x000001c510001400 'java/lang/invoke/LambdaForm$MH+0x000001c510001400'

Classes redefined (0 events):
No events

Internal exceptions (20 events):
Event: 1856.989 Thread 0x000001c5322a9b40 Exception <a 'java/lang/ClassNotFoundException'{0x000000008e5d1be8}: com/android/build/gradle/internal/dsl/TestOptionsBeanInfo> (0x000000008e5d1be8) 
thrown [s\src\hotspot\share\classfile\systemDictionary.cpp, line 312]
Event: 1856.994 Thread 0x000001c5322a9b40 Exception <a 'java/lang/ClassNotFoundException'{0x000000008e5e1158}: com/android/build/gradle/internal/dsl/TestOptionsCustomizer> (0x000000008e5e1158) 
thrown [s\src\hotspot\share\classfile\systemDictionary.cpp, line 312]
Event: 1856.997 Thread 0x000001c5322a9b40 Exception <a 'java/lang/ClassNotFoundException'{0x000000008e412a20}: com/android/build/gradle/internal/dsl/TestOptions_DecoratedCustomizer> (0x000000008e412a20) 
thrown [s\src\hotspot\share\classfile\systemDictionary.cpp, line 312]
Event: 1857.012 Thread 0x000001c5322a9b40 Exception <a 'java/lang/ClassNotFoundException'{0x000000008e480aa0}: com/android/build/gradle/internal/dsl/TestOptions$UnitTestOptions_DecoratedBeanInfo> (0x000000008e480aa0) 
thrown [s\src\hotspot\share\classfile\systemDictionary.cpp, line 312]
Event: 1857.013 Thread 0x000001c5322a9b40 Exception <a 'java/lang/ClassNotFoundException'{0x000000008e490348}: com/android/build/gradle/internal/dsl/TestOptions$UnitTestOptionsBeanInfo> (0x000000008e490348) 
thrown [s\src\hotspot\share\classfile\systemDictionary.cpp, line 312]
Event: 1857.014 Thread 0x000001c5322a9b40 Exception <a 'java/lang/ClassNotFoundException'{0x000000008e49fbe0}: com/android/build/gradle/internal/dsl/TestOptions$UnitTestOptionsCustomizer> (0x000000008e49fbe0) 
thrown [s\src\hotspot\share\classfile\systemDictionary.cpp, line 312]
Event: 1857.015 Thread 0x000001c5322a9b40 Exception <a 'java/lang/ClassNotFoundException'{0x000000008e4b6818}: com/android/build/gradle/internal/dsl/TestOptions$UnitTestOptions_DecoratedCustomizer> (0x000000008e4b6818) 
thrown [s\src\hotspot\share\classfile\systemDictionary.cpp, line 312]
Event: 1857.263 Thread 0x000001c5322a9b40 Implicit null exception at 0x000001c508273bd2 to 0x000001c50827dd94
Event: 1857.263 Thread 0x000001c5322a9b40 Implicit null exception at 0x000001c507ce6988 to 0x000001c507ce6a04
Event: 1857.270 Thread 0x000001c5322a9b40 Implicit null exception at 0x000001c507b10991 to 0x000001c507b10b58
Event: 1857.601 Thread 0x000001c5322a9b40 Exception <a 'java/lang/ClassNotFoundException'{0x000000008df38af0}: build_f0o468txkbppmgisyb3btqufkBeanInfo> (0x000000008df38af0) 
thrown [s\src\hotspot\share\classfile\systemDictionary.cpp, line 312]
Event: 1857.602 Thread 0x000001c5322a9b40 Exception <a 'java/lang/ClassNotFoundException'{0x000000008df3f7e8}: build_f0o468txkbppmgisyb3btqufkCustomizer> (0x000000008df3f7e8) 
thrown [s\src\hotspot\share\classfile\systemDictionary.cpp, line 312]
Event: 1857.868 Thread 0x000001c5322a9b40 Exception <a 'java/lang/ClassNotFoundException'{0x000000008de59538}: build_f0o468txkbppmgisyb3btqufkBeanInfo> (0x000000008de59538) 
thrown [s\src\hotspot\share\classfile\systemDictionary.cpp, line 312]
Event: 1857.869 Thread 0x000001c5322a9b40 Exception <a 'java/lang/ClassNotFoundException'{0x000000008de601c8}: build_f0o468txkbppmgisyb3btqufkCustomizer> (0x000000008de601c8) 
thrown [s\src\hotspot\share\classfile\systemDictionary.cpp, line 312]
Event: 1858.378 Thread 0x000001c5322a9b40 Exception <a 'java/lang/ClassNotFoundException'{0x000000008da6cf38}: build_f0o468txkbppmgisyb3btqufk$_run_closure1BeanInfo> (0x000000008da6cf38) 
thrown [s\src\hotspot\share\classfile\systemDictionary.cpp, line 312]
Event: 1858.379 Thread 0x000001c5322a9b40 Exception <a 'java/lang/ClassNotFoundException'{0x000000008da78a98}: build_f0o468txkbppmgisyb3btqufk$_run_closure1Customizer> (0x000000008da78a98) 
thrown [s\src\hotspot\share\classfile\systemDictionary.cpp, line 312]
Event: 1861.477 Thread 0x000001c5322a9b40 Exception <a 'java/lang/ClassNotFoundException'{0x000000008d418b80}: build_49jqdylsas78cn18nyzh02vubBeanInfo> (0x000000008d418b80) 
thrown [s\src\hotspot\share\classfile\systemDictionary.cpp, line 312]
Event: 1861.478 Thread 0x000001c5322a9b40 Exception <a 'java/lang/ClassNotFoundException'{0x000000008d41f878}: build_49jqdylsas78cn18nyzh02vubCustomizer> (0x000000008d41f878) 
thrown [s\src\hotspot\share\classfile\systemDictionary.cpp, line 312]
Event: 1886.578 Thread 0x000001c5322a9b40 Exception <a 'java/lang/ClassNotFoundException'{0x00000000912ba9e8}: build_49jqdylsas78cn18nyzh02vubBeanInfo> (0x00000000912ba9e8) 
thrown [s\src\hotspot\share\classfile\systemDictionary.cpp, line 312]
Event: 1886.581 Thread 0x000001c5322a9b40 Exception <a 'java/lang/ClassNotFoundException'{0x00000000912c1678}: build_49jqdylsas78cn18nyzh02vubCustomizer> (0x00000000912c1678) 
thrown [s\src\hotspot\share\classfile\systemDictionary.cpp, line 312]

ZGC Phase Switch (0 events):
No events

VM Operations (20 events):
Event: 1872.610 Executing safepoint VM operation: Cleanup
Event: 1872.610 Executing safepoint VM operation: Cleanup done
Event: 1873.622 Executing safepoint VM operation: Cleanup
Event: 1873.623 Executing safepoint VM operation: Cleanup done
Event: 1873.849 Executing safepoint VM operation: G1CollectForAllocation (G1 Evacuation Pause)
Event: 1873.917 Executing safepoint VM operation: G1CollectForAllocation (G1 Evacuation Pause) done
Event: 1878.974 Executing safepoint VM operation: Cleanup
Event: 1878.974 Executing safepoint VM operation: Cleanup done
Event: 1879.975 Executing safepoint VM operation: Cleanup
Event: 1879.975 Executing safepoint VM operation: Cleanup done
Event: 1880.975 Executing safepoint VM operation: Cleanup
Event: 1880.975 Executing safepoint VM operation: Cleanup done
Event: 1882.631 Executing safepoint VM operation: G1CollectForAllocation (G1 Evacuation Pause)
Event: 1882.657 Executing safepoint VM operation: G1CollectForAllocation (G1 Evacuation Pause) done
Event: 1883.922 Executing safepoint VM operation: G1PauseRemark
Event: 1884.514 Executing safepoint VM operation: G1PauseRemark done
Event: 1884.876 Executing safepoint VM operation: G1PauseCleanup
Event: 1884.887 Executing safepoint VM operation: G1PauseCleanup done
Event: 1886.898 Executing safepoint VM operation: Cleanup
Event: 1886.898 Executing safepoint VM operation: Cleanup done

Memory protections (0 events):
No events

Nmethod flushes (20 events):
Event: 1884.496 Thread 0x000001c57b3b1b40 flushing  nmethod 0x000001c500fe2a10
Event: 1884.496 Thread 0x000001c57b3b1b40 flushing  nmethod 0x000001c500ff1990
Event: 1884.496 Thread 0x000001c57b3b1b40 flushing  nmethod 0x000001c500ff2990
Event: 1884.496 Thread 0x000001c57b3b1b40 flushing  nmethod 0x000001c500ff3690
Event: 1884.496 Thread 0x000001c57b3b1b40 flushing  nmethod 0x000001c500ff4510
Event: 1884.496 Thread 0x000001c57b3b1b40 flushing  nmethod 0x000001c501001590
Event: 1884.496 Thread 0x000001c57b3b1b40 flushing  nmethod 0x000001c501001c90
Event: 1884.497 Thread 0x000001c57b3b1b40 flushing  nmethod 0x000001c501007990
Event: 1884.497 Thread 0x000001c57b3b1b40 flushing  nmethod 0x000001c50102bf90
Event: 1884.497 Thread 0x000001c57b3b1b40 flushing  nmethod 0x000001c50104a590
Event: 1884.497 Thread 0x000001c57b3b1b40 flushing  nmethod 0x000001c501050710
Event: 1884.497 Thread 0x000001c57b3b1b40 flushing  nmethod 0x000001c50108de10
Event: 1884.497 Thread 0x000001c57b3b1b40 flushing  nmethod 0x000001c501094890
Event: 1884.497 Thread 0x000001c57b3b1b40 flushing  nmethod 0x000001c5010aa710
Event: 1884.497 Thread 0x000001c57b3b1b40 flushing  nmethod 0x000001c5010aab90
Event: 1884.497 Thread 0x000001c57b3b1b40 flushing  nmethod 0x000001c5010b1490
Event: 1884.497 Thread 0x000001c57b3b1b40 flushing  nmethod 0x000001c5010b4590
Event: 1884.497 Thread 0x000001c57b3b1b40 flushing  nmethod 0x000001c5010cb890
Event: 1884.497 Thread 0x000001c57b3b1b40 flushing  nmethod 0x000001c5010d6610
Event: 1884.497 Thread 0x000001c57b3b1b40 flushing  nmethod 0x000001c50119c290

Events (20 events):
Event: 1606.777 Thread 0x000001c5322a9b40 Thread added: 0x000001c531a38f60
Event: 1609.679 Thread 0x000001c5322a9b40 Thread added: 0x000001c531a340a0
Event: 1619.480 Thread 0x000001c5322a9b40 Thread added: 0x000001c531a33a10
Event: 1629.996 Thread 0x000001c52ff276f0 Thread added: 0x000001c531a35ae0
Event: 1629.997 Thread 0x000001c52ff276f0 Thread added: 0x000001c531a36800
Event: 1629.997 Thread 0x000001c52ff276f0 Thread added: 0x000001c531a37520
Event: 1644.433 Thread 0x000001c52ff24270 Thread exited: 0x000001c52ff24270
Event: 1644.528 Thread 0x000001c52ff20760 Thread exited: 0x000001c52ff20760
Event: 1644.532 Thread 0x000001c52ff221a0 Thread exited: 0x000001c52ff221a0
Event: 1645.006 Thread 0x000001c52ff200d0 Thread exited: 0x000001c52ff200d0
Event: 1649.976 Thread 0x000001c5322a9b40 Thread added: 0x000001c531a4bd10
Event: 1694.994 Thread 0x000001c52ff276f0 Thread exited: 0x000001c52ff276f0
Event: 1704.807 Thread 0x000001c5322a9b40 Thread added: 0x000001c531a518f0
Event: 1705.370 Thread 0x000001c52ff269d0 Thread exited: 0x000001c52ff269d0
Event: 1711.279 Thread 0x000001c57b41b960 Thread added: 0x000001c5331b92c0
Event: 1712.116 Thread 0x000001c5322a9b40 Thread added: 0x000001c52ff200d0
Event: 1712.323 Thread 0x000001c5331b92c0 Thread exited: 0x000001c5331b92c0
Event: 1765.431 Thread 0x000001c52ff26340 Thread exited: 0x000001c52ff26340
Event: 1820.915 Thread 0x000001c5303b5fc0 Thread exited: 0x000001c5303b5fc0
Event: 1828.352 Thread 0x000001c52fb1e5c0 Thread added: 0x000001c52ff26340


Dynamic libraries:
0x00007ff686e90000 - 0x00007ff686e9e000 	C:\Users\LENOVO\.antigravity\extensions\redhat.java-1.53.0-win32-x64\jre\21.0.10-win32-x86_64\bin\java.exe
0x00007ffca4190000 - 0x00007ffca4388000 	C:\Windows\SYSTEM32\ntdll.dll
0x00007ffca28a0000 - 0x00007ffca2962000 	C:\Windows\System32\KERNEL32.DLL
0x00007ffca1c30000 - 0x00007ffca1f26000 	C:\Windows\System32\KERNELBASE.dll
0x00007ffca19d0000 - 0x00007ffca1ad0000 	C:\Windows\System32\ucrtbase.dll
0x00007ffc97320000 - 0x00007ffc97338000 	C:\Users\LENOVO\.antigravity\extensions\redhat.java-1.53.0-win32-x64\jre\21.0.10-win32-x86_64\bin\jli.dll
0x00007ffca3bd0000 - 0x00007ffca3d71000 	C:\Windows\System32\USER32.dll
0x00007ffca1ad0000 - 0x00007ffca1af2000 	C:\Windows\System32\win32u.dll
0x00007ffca4120000 - 0x00007ffca414b000 	C:\Windows\System32\GDI32.dll
0x00007ffca1fb0000 - 0x00007ffca20c9000 	C:\Windows\System32\gdi32full.dll
0x00007ffca1b90000 - 0x00007ffca1c2d000 	C:\Windows\System32\msvcp_win.dll
0x00007ffc97200000 - 0x00007ffc9721e000 	C:\Users\LENOVO\.antigravity\extensions\redhat.java-1.53.0-win32-x64\jre\21.0.10-win32-x86_64\bin\VCRUNTIME140.dll
0x00007ffc8f9b0000 - 0x00007ffc8fc4b000 	C:\Windows\WinSxS\amd64_microsoft.windows.common-controls_6595b64144ccf1df_6.0.19041.6456_none_60b8a6cb71f64256\COMCTL32.dll
0x00007ffca3300000 - 0x00007ffca339e000 	C:\Windows\System32\msvcrt.dll
0x00007ffca3ea0000 - 0x00007ffca3ecf000 	C:\Windows\System32\IMM32.DLL
0x00007ffc9abc0000 - 0x00007ffc9abcc000 	C:\Users\LENOVO\.antigravity\extensions\redhat.java-1.53.0-win32-x64\jre\21.0.10-win32-x86_64\bin\vcruntime140_1.dll
0x00007ffc61c30000 - 0x00007ffc61cbd000 	C:\Users\LENOVO\.antigravity\extensions\redhat.java-1.53.0-win32-x64\jre\21.0.10-win32-x86_64\bin\msvcp140.dll
0x00007ffbc43e0000 - 0x00007ffbc5181000 	C:\Users\LENOVO\.antigravity\extensions\redhat.java-1.53.0-win32-x64\jre\21.0.10-win32-x86_64\bin\server\jvm.dll
0x00007ffca3b10000 - 0x00007ffca3bc1000 	C:\Windows\System32\ADVAPI32.dll
0x00007ffca2c30000 - 0x00007ffca2ccf000 	C:\Windows\System32\sechost.dll
0x00007ffca2b00000 - 0x00007ffca2c20000 	C:\Windows\System32\RPCRT4.dll
0x00007ffca20d0000 - 0x00007ffca20f7000 	C:\Windows\System32\bcrypt.dll
0x00007ffca3060000 - 0x00007ffca30cb000 	C:\Windows\System32\WS2_32.dll
0x00007ffca1680000 - 0x00007ffca16cb000 	C:\Windows\SYSTEM32\POWRPROF.dll
0x00007ffc8c590000 - 0x00007ffc8c5b7000 	C:\Windows\SYSTEM32\WINMM.dll
0x00007ffc97470000 - 0x00007ffc9747a000 	C:\Windows\SYSTEM32\VERSION.dll
0x00007ffca1660000 - 0x00007ffca1672000 	C:\Windows\SYSTEM32\UMPDC.dll
0x00007ffc9f650000 - 0x00007ffc9f662000 	C:\Windows\SYSTEM32\kernel.appcore.dll
0x00007ffc973d0000 - 0x00007ffc973da000 	C:\Users\LENOVO\.antigravity\extensions\redhat.java-1.53.0-win32-x64\jre\21.0.10-win32-x86_64\bin\jimage.dll
0x00007ffc8c5d0000 - 0x00007ffc8c7d1000 	C:\Windows\SYSTEM32\DBGHELP.DLL
0x00007ffc88d20000 - 0x00007ffc88d54000 	C:\Windows\SYSTEM32\dbgcore.DLL
0x00007ffca1b00000 - 0x00007ffca1b82000 	C:\Windows\System32\bcryptPrimitives.dll
0x00007ffc973c0000 - 0x00007ffc973cf000 	C:\Users\LENOVO\.antigravity\extensions\redhat.java-1.53.0-win32-x64\jre\21.0.10-win32-x86_64\bin\instrument.dll
0x00007ffc97180000 - 0x00007ffc971a0000 	C:\Users\LENOVO\.antigravity\extensions\redhat.java-1.53.0-win32-x64\jre\21.0.10-win32-x86_64\bin\java.dll
0x00007ffca33a0000 - 0x00007ffca3b10000 	C:\Windows\System32\SHELL32.dll
0x00007ffc9f850000 - 0x00007ffc9fff5000 	C:\Windows\SYSTEM32\windows.storage.dll
0x00007ffca2d00000 - 0x00007ffca3054000 	C:\Windows\System32\combase.dll
0x00007ffca1100000 - 0x00007ffca112b000 	C:\Windows\SYSTEM32\Wldp.dll
0x00007ffca30d0000 - 0x00007ffca319d000 	C:\Windows\System32\OLEAUT32.dll
0x00007ffca3fc0000 - 0x00007ffca406d000 	C:\Windows\System32\SHCORE.dll
0x00007ffca2aa0000 - 0x00007ffca2afb000 	C:\Windows\System32\shlwapi.dll
0x00007ffca1750000 - 0x00007ffca1774000 	C:\Windows\SYSTEM32\profapi.dll
0x00007ffc97130000 - 0x00007ffc97148000 	C:\Users\LENOVO\.antigravity\extensions\redhat.java-1.53.0-win32-x64\jre\21.0.10-win32-x86_64\bin\zip.dll
0x00007ffc97370000 - 0x00007ffc97380000 	C:\Users\LENOVO\.antigravity\extensions\redhat.java-1.53.0-win32-x64\jre\21.0.10-win32-x86_64\bin\net.dll
0x00007ffc96de0000 - 0x00007ffc96eea000 	C:\Windows\SYSTEM32\WINHTTP.dll
0x00007ffca0ee0000 - 0x00007ffca0f4a000 	C:\Windows\system32\mswsock.dll
0x00007ffc8f840000 - 0x00007ffc8f856000 	C:\Users\LENOVO\.antigravity\extensions\redhat.java-1.53.0-win32-x64\jre\21.0.10-win32-x86_64\bin\nio.dll
0x00007ffc97260000 - 0x00007ffc97270000 	C:\Users\LENOVO\.antigravity\extensions\redhat.java-1.53.0-win32-x64\jre\21.0.10-win32-x86_64\bin\verify.dll
0x00007ffc86200000 - 0x00007ffc86227000 	C:\Users\LENOVO\.gradle\native\1def1411415f61bf3af743bc5b6707747c0891f09f0c88961ee8f79bc544acac\windows-amd64\native-platform.dll
0x00007ffc7bb90000 - 0x00007ffc7bc08000 	C:\Users\LENOVO\.gradle\native\0.2.7\x86_64-windows-gnu\gradle-fileevents.dll
0x00007ffc9bc20000 - 0x00007ffc9bc2a000 	C:\Users\LENOVO\.antigravity\extensions\redhat.java-1.53.0-win32-x64\jre\21.0.10-win32-x86_64\bin\management.dll
0x00007ffc9bc10000 - 0x00007ffc9bc1c000 	C:\Users\LENOVO\.antigravity\extensions\redhat.java-1.53.0-win32-x64\jre\21.0.10-win32-x86_64\bin\management_ext.dll
0x00007ffca2c20000 - 0x00007ffca2c28000 	C:\Windows\System32\PSAPI.DLL
0x00007ffca0be0000 - 0x00007ffca0c1b000 	C:\Windows\SYSTEM32\IPHLPAPI.DLL
0x00007ffca2890000 - 0x00007ffca2898000 	C:\Windows\System32\NSI.dll
0x00007ffc9b7d0000 - 0x00007ffc9b7d9000 	C:\Users\LENOVO\.antigravity\extensions\redhat.java-1.53.0-win32-x64\jre\21.0.10-win32-x86_64\bin\extnet.dll
0x00007ffca1140000 - 0x00007ffca1158000 	C:\Windows\SYSTEM32\CRYPTSP.dll
0x00007ffca0820000 - 0x00007ffca0858000 	C:\Windows\system32\rsaenh.dll
0x00007ffca1710000 - 0x00007ffca173e000 	C:\Windows\SYSTEM32\USERENV.dll
0x00007ffca1070000 - 0x00007ffca107c000 	C:\Windows\SYSTEM32\CRYPTBASE.dll
0x00007ffc9bab0000 - 0x00007ffc9babe000 	C:\Users\LENOVO\.antigravity\extensions\redhat.java-1.53.0-win32-x64\jre\21.0.10-win32-x86_64\bin\sunmscapi.dll
0x00007ffca1820000 - 0x00007ffca197d000 	C:\Windows\System32\CRYPT32.dll
0x00007ffca1250000 - 0x00007ffca1277000 	C:\Windows\SYSTEM32\ncrypt.dll
0x00007ffca1210000 - 0x00007ffca124b000 	C:\Windows\SYSTEM32\NTASN1.dll
0x00007ffc7f1d0000 - 0x00007ffc7f1d7000 	C:\Windows\system32\wshunix.dll

JVMTI agents:
C:\Users\LENOVO\.gradle\wrapper\dists\gradle-8.13-bin\5xuhj0ry160q40clulazy9h7d\gradle-8.13\lib\agents\gradle-instrumentation-agent-8.13.jar path:C:\Users\LENOVO\.antigravity\extensions\redhat.java-1.53.0-win32-x64\jre\21.0.10-win32-x86_64\bin\instrument.dll, loaded, initialized, instrumentlib options:none

dbghelp: loaded successfully - version: 4.0.5 - missing functions: none
symbol engine: initialized successfully - sym options: 0x614 - pdb path: .;C:\Users\LENOVO\.antigravity\extensions\redhat.java-1.53.0-win32-x64\jre\21.0.10-win32-x86_64\bin;C:\Windows\SYSTEM32;C:\Windows\WinSxS\amd64_microsoft.windows.common-controls_6595b64144ccf1df_6.0.19041.6456_none_60b8a6cb71f64256;C:\Users\LENOVO\.antigravity\extensions\redhat.java-1.53.0-win32-x64\jre\21.0.10-win32-x86_64\bin\server;C:\Users\LENOVO\.gradle\native\1def1411415f61bf3af743bc5b6707747c0891f09f0c88961ee8f79bc544acac\windows-amd64;C:\Users\LENOVO\.gradle\native\0.2.7\x86_64-windows-gnu

VM Arguments:
jvm_args: --add-opens=java.base/java.lang=ALL-UNNAMED --add-opens=java.base/java.lang.invoke=ALL-UNNAMED --add-opens=java.base/java.util=ALL-UNNAMED --add-opens=java.prefs/java.util.prefs=ALL-UNNAMED --add-exports=jdk.compiler/com.sun.tools.javac.api=ALL-UNNAMED --add-exports=jdk.compiler/com.sun.tools.javac.util=ALL-UNNAMED --add-opens=java.base/java.util=ALL-UNNAMED --add-opens=java.prefs/java.util.prefs=ALL-UNNAMED --add-opens=java.base/java.nio.charset=ALL-UNNAMED --add-opens=java.base/java.net=ALL-UNNAMED --add-opens=java.base/java.util.concurrent.atomic=ALL-UNNAMED --add-opens=java.xml/javax.xml.namespace=ALL-UNNAMED -XX:MaxMetaspaceSize=512m -Xmx2048m -Dfile.encoding=UTF-8 -Duser.country=US -Duser.language=en -Duser.variant -javaagent:C:\Users\LENOVO\.gradle\wrapper\dists\gradle-8.13-bin\5xuhj0ry160q40clulazy9h7d\gradle-8.13\lib\agents\gradle-instrumentation-agent-8.13.jar 
java_command: org.gradle.launcher.daemon.bootstrap.GradleDaemon 8.13
java_class_path (initial): C:\Users\LENOVO\.gradle\wrapper\dists\gradle-8.13-bin\5xuhj0ry160q40clulazy9h7d\gradle-8.13\lib\gradle-daemon-main-8.13.jar
Launcher Type: SUN_STANDARD

[Global flags]
     intx CICompilerCount                          = 3                                         {product} {ergonomic}
   size_t CompressedClassSpaceSize                 = 436207616                                 {product} {ergonomic}
     uint ConcGCThreads                            = 1                                         {product} {ergonomic}
     uint G1ConcRefinementThreads                  = 4                                         {product} {ergonomic}
   size_t G1HeapRegionSize                         = 1048576                                   {product} {ergonomic}
    uintx GCDrainStackTargetSize                   = 64                                        {product} {ergonomic}
   size_t InitialHeapSize                          = 132120576                                 {product} {ergonomic}
   size_t MarkStackSize                            = 4194304                                   {product} {ergonomic}
   size_t MaxHeapSize                              = 2147483648                                {product} {command line}
   size_t MaxMetaspaceSize                         = 536870912                                 {product} {command line}
   size_t MaxNewSize                               = 1287651328                                {product} {ergonomic}
   size_t MinHeapDeltaBytes                        = 1048576                                   {product} {ergonomic}
   size_t MinHeapSize                              = 8388608                                   {product} {ergonomic}
    uintx NonNMethodCodeHeapSize                   = 5832780                                {pd product} {ergonomic}
    uintx NonProfiledCodeHeapSize                  = 122912730                              {pd product} {ergonomic}
    uintx ProfiledCodeHeapSize                     = 122912730                              {pd product} {ergonomic}
    uintx ReservedCodeCacheSize                    = 251658240                              {pd product} {ergonomic}
     bool SegmentedCodeCache                       = true                                      {product} {ergonomic}
   size_t SoftMaxHeapSize                          = 2147483648                             {manageable} {ergonomic}
     bool UseCompressedOops                        = true                           {product lp64_product} {ergonomic}
     bool UseG1GC                                  = true                                      {product} {ergonomic}
     bool UseLargePagesIndividualAllocation        = false                                  {pd product} {ergonomic}

Logging:
Log output configuration:
 #0: stdout all=warning uptime,level,tags foldmultilines=false
 #1: stderr all=off uptime,level,tags foldmultilines=false

Release file:
JAVA_VERSION="21.0.10" 
MODULES="java.base java.compiler java.datatransfer java.xml java.prefs java.desktop java.instrument java.logging java.management java.security.sasl java.naming java.rmi java.management.rmi java.net.http java.scripting java.security.jgss java.transaction.xa java.sql java.sql.rowset java.xml.crypto java.se java.smartcardio jdk.accessibility jdk.internal.jvmstat jdk.attach jdk.charsets jdk.internal.opt jdk.zipfs jdk.compiler jdk.crypto.ec jdk.crypto.cryptoki jdk.crypto.mscapi jdk.dynalink jdk.internal.ed jdk.editpad jdk.hotspot.agent jdk.httpserver jdk.internal.le jdk.internal.vm.ci jdk.internal.vm.compiler jdk.internal.vm.compiler.management jdk.jartool jdk.javadoc jdk.jcmd jdk.management jdk.management.agent jdk.jconsole jdk.jdeps jdk.jdwp.agent jdk.jdi jdk.jfr jdk.jshell jdk.jsobject jdk.jstatd jdk.localedata jdk.management.jfr jdk.naming.dns jdk.naming.rmi jdk.net jdk.nio.mapmode jdk.random jdk.sctp jdk.security.auth jdk.security.jgss jdk.unsupported jdk.unsupported.desktop jdk.xml.dom" 

Environment Variables:
PATH=C:\Python314\Scripts\;C:\Python314\;C:\Program Files\Python313\Scripts\;C:\Program Files\Python313\;C:\Program Files\Common Files\Oracle\Java\javapath;C:\Windows\system32;C:\Windows;C:\Windows\System32\Wbem;C:\Windows\System32\WindowsPowerShell\v1.0\;C:\Windows\System32\OpenSSH\;C:\Program Files (x86)\Windows Kits\8.1\Windows Performance Toolkit\;C:\Program Files\Java\jdk-21\bin;C:\Program Files\Git\cmd;C:\Program Files\Docker\Docker\resources\bin;C:\Program Files\PuTTY\;C:\ProgramData\chocolatey\bin;C:\Program Files\nodejs\;D:\AndroidSDK\platform-tools;D:\AndroidSDK\emulator;D:\AndroidSDK\tools;D:\AndroidSDK\tools\bin;c:\Users\LENOVO\AppData\Local\Programs\cursor\resources\app\codeBin;C:\Program Files\Python313;C:\Program Files\Python313\Scripts;C:\Program Files\MySQL\MySQL Shell 8.0\bin\;C:\Users\LENOVO\AppData\Local\Microsoft\WindowsApps;C:\Users\LENOVO\AppData\Local\Programs\Microsoft VS Code\bin;C:\Users\LENOVO\AppData\Local\Python\bin;C:\Users\LENOVO\AppData\Local\Programs\Antigravity\bin;C:\Program Files\JetBrains\PyCharm 2025.3.1\bin;C:\Users\LENOVO\AppData\Roaming\npm;C:\Users\LENOVO\AppData\Local\Programs\cursor\resources\app\bin
USERNAME=LENOVO
OS=Windows_NT
PROCESSOR_IDENTIFIER=Intel64 Family 6 Model 142 Stepping 9, GenuineIntel
TMP=C:\Users\LENOVO\AppData\Local\Temp
TEMP=C:\Users\LENOVO\AppData\Local\Temp




Periodic native trim disabled

---------------  S Y S T E M  ---------------

OS:
 Windows 10 , 64 bit Build 19041 (10.0.19041.5915)
OS uptime: 5 days 5:44 hours
Hyper-V role detected

CPU: total 4 (initial active 4) (2 cores per cpu, 2 threads per core) family 6 model 142 stepping 9 microcode 0xf0, cx8, cmov, fxsr, ht, mmx, 3dnowpref, sse, sse2, sse3, ssse3, sse4.1, sse4.2, popcnt, lzcnt, tsc, tscinvbit, avx, avx2, aes, erms, clmul, bmi1, bmi2, rtm, adx, fma, vzeroupper, clflush, clflushopt, hv, rdtscp, f16c
Processor Information for the first 4 processors :
  Max Mhz: 2701, Current Mhz: 2500, Mhz Limit: 2484

Memory: 4k page, system-wide physical 8056M (319M free)
TotalPageFile size 27252M (AvailPageFile size 5M)
current process WorkingSet (physical memory assigned to process): 440M, peak: 440M
current process commit charge ("private bytes"): 639M, peak: 641M

vm_info: OpenJDK 64-Bit Server VM (21.0.10+7-LTS) for windows-amd64 JRE (21.0.10+7-LTS), built on 2026-01-20T00:00:00Z by "admin" with MS VC++ 17.12 (VS2022)

END.
